Workbook

Sheet readme
A1: Sheet | B1: Definition
A2: oilomo | B2: infrastructure-level output during 2024-2050 under current strategy
A3: oilome | B3: infrastructure-level output during 2024-2050 under optimised strategy
A4: oilemo | B4: infrastructure-level emission during 2024-2050 under current strategy
A5: oileme | B5: infrastructure-level emission during 2024-2050 under optimised strategy
A6: oillmo | B6: infrastructure-level employment during 2024-2050 under current strategy
A7: oillme | B7: infrastructure-level employment during 2024-2050 under optimised strategy
A8: oilpfmo | B8: infrastructure-level emission-related environmental cost during 2030-2050 under current strategy
A9: oilpfme | B9: infrastructure-level emission-related environmental cost during 2030-2050 under optimised strategy
A10: lato | B10: infrastructure-level latitude during 2024-2050 under current strategy
A11: lono | B11: infrastructure-level longitude during 2024-2050 under current strategy
A12: late | B12: infrastructure-level latitude during 2024-2050 under optimised strategy
... A15: costdiff | B15: emission-related environmental cost difference between the current strategy and optimised strategy

Sheet oilomo
A1: 0 | B1: 0 | C1: 0 | D1: 0 | E1: 0 | F1: 0 | G1: 0 | H1: 0 | I1: 0 | J1: 0 | K1: 0 | L1: 0 | M1: 0 | N1: 0 | O1: 0 | P1: 0 | Q1: 0 | R1: 0 | S1: 0 | T1: 0 | U1: 0 | V1: 0 | W1: 0 | X1: 0 | Y1: 0 | Z1: 0 | AA1: 0
A2: 0 | B2: 0 | C2: 0 | D2: 0 | E2: 0 | F2: 0 | G2: 0 | H2: 0 | I2: 0 | J2: 0 | K2: 0 | L2: 0 | M2: 0 | N2: 0 | O2: 0 | P2: 0 | Q2: 0 | R2: 0 | S2: 0 | T2: 0 | U2: 0 | V2: 0 | W2: 0 | X2: 0 | Y2: 0 | Z2: 0 | AA2: 0
A3: 0 | B3: 0 | C3: 0 | D3: 0 | E3: 0 | F3: 0 | G3: 0 | H3: 0 | I3: 0 | J3: 0 | K3: 0 | L3: 0 | M3: 0 | N3: 0 | O3: 0 | P3: 0 | Q3: 0 | R3: 0 | S3: 0 | T3: 0 | U3: 0 | V3: 0 | W3: 0 | X3: 0 | Y3: 0 | Z3: 0 | AA3: 0
A4: 0 | B4: 0 | C4: 0 | D4: 0 | E4: 0 | F4: 0 | G4: 0 | H4: 0 | I4: 0 | J4: 0 | K4: 0 | L4: 0 | M4: 0 | N4: 0 | O4: 0 | P4: 0 | Q4: 0 | R4: 0 | S4: 0 | T4: 0 | U4: 0 | V4: 0 | W4: 0 | X4: 0 | Y4: 0 | Z4: 0 | AA4: 0
A5: 0 | B5: 0 | C5: 0 | D5: 0 | E5: 0 | F5: 0 | G5: 0 | H5: 0 | I5: 0 | J5: 0 | K5: 0 | L5: 0 | M5: 0 | N5: 0 | O5: 0 | P5: 0 | Q5: 0 | R5: 0 | S5: 0 | T5: 0 | U5: 0 | V5: 0 | W5: 0 | X5: 0 | Y5: 0 | Z5: 0 | AA5: 0
A6: 0 | B6: 0 | C6: 0 | D6: 0 | E6: 0 | F6: 0 | G6: 0 | H6: 0 | I6: 0 | J6: 0 | K6: 0 | L6: 0 | M6: 0 | N6: 0 | O6: 0 | P6: 0 | Q6: 0 | R6: 0 | S6: 0 | T6: 0 | U6: 0 | V6: 0 | W6: 0 | X6: 0 | Y6: 0 | Z6: 0 | AA6: 0
A7: 0 | B7: 0 | C7: 0 | D7: 0 | E7: 0 | F7: 0 | G7: 0 | H7: 0 | I7: 0 | J7: 0 | K7: 0 | L7: 0 | M7: 0 | N7: 0 | O7: 0 | P7: 0 | Q7: 0 | R7: 0 | S7: 0 | T7: 0 | U7: 0 | V7: 0 | W7: 0 | X7: 0 | Y7: 0 | Z7: 0 | AA7: 0
A8: 0 | B8: 0 | C8: 0 | D8: 0 | E8: 0 | F8: 0 | G8: 0 | H8: 0 | I8: 0 | J8: 0 | K8: 0 | L8: 0 | M8: 0 | N8: 0 | O8: 0 | P8: 0 | Q8: 0 | R8: 0 | S8: 0 | T8: 0 | U8: 0 | V8: 0 | W8: 0 | X8: 0 | Y8: 0 | Z8: 0 | AA8: 0
A9: 0 | B9: 0 | C9: 0 | D9: 0 | E9: 0 | F9: 0 | G9: 0 | H9: 0 | I9: 0 | J9: 0 | K9: 0 | L9: 0 | M9: 0 | N9: 0 | O9: 0 | P9: 0 | Q9: 0 | R9: 0 | S9: 0 | T9: 0 | U9: 0 | V9: 0 | W9: 0 | X9: 0 | Y9: 0 | Z9: 0 | AA9: 0
A10: 0 | B10: 0 | C10: 0 | D10: 0 | E10: 0 | F10: 0 | G10: 0 | H10: 0 | I10: 0 | J10: 0 | K10: 0 | L10: 0 | M10: 0 | N10: 0 | O10: 0 | P10: 0 | Q10: 0 | R10: 0 | S10: 0 | T10: 0 | U10: 0 | V10: 0 | W10: 0 | X10: 0 | Y10: 0 | Z10: 0 | AA10: 0
A11: 0 | B11: 0 | C11: 0 | D11: 0 | E11: 0 | F11: 0 | G11: 0 | H11: 0 | I11: 0 | J11: 0 | K11: 0 | L11: 0 | M11: 0 | N11: 0 | O11: 0 | P11: 0 | Q11: 0 | R11: 0 | S11: 0 | T11: 0 | U11: 0 | V11: 0 | W11: 0 | X11: 0 | Y11: 0 | Z11: 0 | AA11: 0
A12: 0 | B12: 0 | C12: 0 | D12: 0 | E12: 0 | F12: 0 | G12: 0 | H12: 0 | I12: 0 | J12: 0 | K12: 0 | L12: 0 | M12: 0 | N12: 0 | O12: 0 | P12: 0 | Q12: 0 | R12: 0 | S12: 0 | T12: 0 | U12: 0 | V12: 0 | W12: 0 | X12: 0 | Y12: 0 | Z12: 0 | AA12: 0
... A841: 12.347738 | B841: 12.347738 | C841: 12.347738 | D841: 12.347738 | E841: 12.347738 | F841: 12.347738 | G841: 2.660146 | H841: 2.660146 | I841: 2.660146 | J841: 2.660146 | K841: 2.660146 | L841: 2.660146 | M841: 2.660146 | N841: 0.041945034 | O841: 0.041945034 | P841: 0.041945034 | Q841: 0.041945034 | R841: 0.02386966 | S841: 0.02386966 | T841: 0.021269524 | U841: 0.021269524 | V841: 0 | W841: 0 | X841: 0 | Y841: 0 | Z841: 0 | AA841: 0

Sheet oilome
A1: 0 | B1: 0 | C1: 0 | D1: 0 | E1: 0 | F1: 0 | G1: 0 | H1: 0 | I1: 0 | J1: 0 | K1: 0 | L1: 0 | M1: 0 | N1: 0 | O1: 0 | P1: 0 | Q1: 0 | R1: 0 | S1: 0 | T1: 0 | U1: 0 | V1: 0 | W1: 0 | X1: 0 | Y1: 0 | Z1: 0 | AA1: 0
A2: 0 | B2: 0 | C2: 0 | D2: 0 | E2: 0 | F2: 0 | G2: 0 | H2: 0 | I2: 0 | J2: 0 | K2: 0 | L2: 0 | M2: 0 | N2: 0 | O2: 0 | P2: 0 | Q2: 0 | R2: 0 | S2: 0 | T2: 0 | U2: 0 | V2: 0 | W2: 0 | X2: 0 | Y2: 0 | Z2: 0 | AA2: 0
A3: 0 | B3: 0 | C3: 0 | D3: 0 | E3: 0 | F3: 0 | G3: 0 | H3: 0 | I3: 0 | J3: 0 | K3: 0 | L3: 0 | M3: 0 | N3: 0 | O3: 0 | P3: 0 | Q3: 0 | R3: 0 | S3: 0 | T3: 0 | U3: 0 | V3: 0 | W3: 0 | X3: 0 | Y3: 0 | Z3: 0 | AA3: 0
A4: 0 | B4: 0 | C4: 0 | D4: 0 | E4: 0 | F4: 0 | G4: 0 | H4: 0 | I4: 0 | J4: 0 | K4: 0 | L4: 0 | M4: 0 | N4: 0 | O4: 0 | P4: 0 | Q4: 0 | R4: 0 | S4: 0 | T4: 0 | U4: 0 | V4: 0 | W4: 0 | X4: 0 | Y4: 0 | Z4: 0 | AA4: 0
A5: 0 | B5: 0 | C5: 0 | D5: 0 | E5: 0 | F5: 0 | G5: 0 | H5: 0 | I5: 0 | J5: 0 | K5: 0 | L5: 0 | M5: 0 | N5: 0 | O5: 0 | P5: 0 | Q5: 0 | R5: 0 | S5: 0 | T5: 0 | U5: 0 | V5: 0 | W5: 0 | X5: 0 | Y5: 0 | Z5: 0 | AA5: 0
A6: 0 | B6: 0 | C6: 0 | D6: 0 | E6: 0 | F6: 0 | G6: 0 | H6: 0 | I6: 0 | J6: 0 | K6: 0 | L6: 0 | M6: 0 | N6: 0 | O6: 0 | P6: 0 | Q6: 0 | R6: 0 | S6: 0 | T6: 0 | U6: 0 | V6: 0 | W6: 0 | X6: 0 | Y6: 0 | Z6: 0 | AA6: 0
A7: 0 | B7: 0 | C7: 0 | D7: 0 | E7: 0 | F7: 0 | G7: 0 | H7: 0 | I7: 0 | J7: 0 | K7: 0 | L7: 0 | M7: 0 | N7: 0 | O7: 0 | P7: 0 | Q7: 0 | R7: 0 | S7: 0 | T7: 0 | U7: 0 | V7: 0 | W7: 0 | X7: 0 | Y7: 0 | Z7: 0 | AA7: 0
A8: 0 | B8: 0 | C8: 0 | D8: 0 | E8: 0 | F8: 0 | G8: 0 | H8: 0 | I8: 0 | J8: 0 | K8: 0 | L8: 0 | M8: 0 | N8: 0 | O8: 0 | P8: 0 | Q8: 0 | R8: 0 | S8: 0 | T8: 0 | U8: 0 | V8: 0 | W8: 0 | X8: 0 | Y8: 0 | Z8: 0 | AA8: 0
A9: 0 | B9: 0 | C9: 0 | D9: 0 | E9: 0 | F9: 0 | G9: 0 | H9: 0 | I9: 0 | J9: 0 | K9: 0 | L9: 0 | M9: 0 | N9: 0 | O9: 0 | P9: 0 | Q9: 0 | R9: 0 | S9: 0 | T9: 0 | U9: 0 | V9: 0 | W9: 0 | X9: 0 | Y9: 0 | Z9: 0 | AA9: 0
A10: 0 | B10: 0 | C10: 0 | D10: 0 | E10: 0 | F10: 0 | G10: 0 | H10: 0 | I10: 0 | J10: 0 | K10: 0 | L10: 0 | M10: 0 | N10: 0 | O10: 0 | P10: 0 | Q10: 0 | R10: 0 | S10: 0 | T10: 0 | U10: 0 | V10: 0 | W10: 0 | X10: 0 | Y10: 0 | Z10: 0 | AA10: 0
A11: 0 | B11: 0 | C11: 0 | D11: 0 | E11: 0 | F11: 0 | G11: 0 | H11: 0 | I11: 0 | J11: 0 | K11: 0 | L11: 0 | M11: 0 | N11: 0 | O11: 0 | P11: 0 | Q11: 0 | R11: 0 | S11: 0 | T11: 0 | U11: 0 | V11: 0 | W11: 0 | X11: 0 | Y11: 0 | Z11: 0 | AA11: 0
A12: 0 | B12: 0 | C12: 0 | D12: 0 | E12: 0 | F12: 0 | G12: 0 | H12: 0 | I12: 0 | J12: 0 | K12: 0 | L12: 0 | M12: 0 | N12: 0 | O12: 0 | P12: 0 | Q12: 0 | R12: 0 | S12: 0 | T12: 0 | U12: 0 | V12: 0 | W12: 0 | X12: 0 | Y12: 0 | Z12: 0 | AA12: 0
... A841: 0.19899387 | B841: 0.19899387 | C841: 0.19899387 | D841: 0.19899387 | E841: 0.19899387 | F841: 0.19899387 | G841: 0.49375837 | H841: 0.49375837 | I841: 0.49375837 | J841: 0.000743 | K841: 0.000743 | L841: 0.000743 | M841: 0.000743 | N841: 0.000743 | O841: 0.000743 | P841: 0.000743 | Q841: 0.000743 | R841: 0.000743 | S841: 0.000743 | T841: 0.000743 | U841: 0.000743 | V841: 0 | W841: 0 | X841: 0 | Y841: 0 | Z841: 0 | AA841: 0

Sheet oilemo
A1: 0 | B1: 0 | C1: 0 | D1: 0 | E1: 0 | F1: 0 | G1: 0 | H1: 0 | I1: 0 | J1: 0 | K1: 0 | L1: 0 | M1: 0 | N1: 0 | O1: 0 | P1: 0 | Q1: 0 | R1: 0 | S1: 0 | T1: 0 | U1: 0 | V1: 0 | W1: 0 | X1: 0 | Y1: 0 | Z1: 0 | AA1: 0
A2: 0 | B2: 0 | C2: 0 | D2: 0 | E2: 0 | F2: 0 | G2: 0 | H2: 0 | I2: 0 | J2: 0 | K2: 0 | L2: 0 | M2: 0 | N2: 0 | O2: 0 | P2: 0 | Q2: 0 | R2: 0 | S2: 0 | T2: 0 | U2: 0 | V2: 0 | W2: 0 | X2: 0 | Y2: 0 | Z2: 0 | AA2: 0
A3: 0 | B3: 0 | C3: 0 | D3: 0 | E3: 0 | F3: 0 | G3: 0 | H3: 0 | I3: 0 | J3: 0 | K3: 0 | L3: 0 | M3: 0 | N3: 0 | O3: 0 | P3: 0 | Q3: 0 | R3: 0 | S3: 0 | T3: 0 | U3: 0 | V3: 0 | W3: 0 | X3: 0 | Y3: 0 | Z3: 0 | AA3: 0
A4: 0 | B4: 0 | C4: 0 | D4: 0 | E4: 0 | F4: 0 | G4: 0 | H4: 0 | I4: 0 | J4: 0 | K4: 0 | L4: 0 | M4: 0 | N4: 0 | O4: 0 | P4: 0 | Q4: 0 | R4: 0 | S4: 0 | T4: 0 | U4: 0 | V4: 0 | W4: 0 | X4: 0 | Y4: 0 | Z4: 0 | AA4: 0
A5: 0 | B5: 0 | C5: 0 | D5: 0 | E5: 0 | F5: 0 | G5: 0 | H5: 0 | I5: 0 | J5: 0 | K5: 0 | L5: 0 | M5: 0 | N5: 0 | O5: 0 | P5: 0 | Q5: 0 | R5: 0 | S5: 0 | T5: 0 | U5: 0 | V5: 0 | W5: 0 | X5: 0 | Y5: 0 | Z5: 0 | AA5: 0
A6: 0 | B6: 0 | C6: 0 | D6: 0 | E6: 0 | F6: 0 | G6: 0 | H6: 0 | I6: 0 | J6: 0 | K6: 0 | L6: 0 | M6: 0 | N6: 0 | O6: 0 | P6: 0 | Q6: 0 | R6: 0 | S6: 0 | T6: 0 | U6: 0 | V6: 0 | W6: 0 | X6: 0 | Y6: 0 | Z6: 0 | AA6: 0
A7: 0 | B7: 0 | C7: 0 | D7: 0 | E7: 0 | F7: 0 | G7: 0 | H7: 0 | I7: 0 | J7: 0 | K7: 0 | L7: 0 | M7: 0 | N7: 0 | O7: 0 | P7: 0 | Q7: 0 | R7: 0 | S7: 0 | T7: 0 | U7: 0 | V7: 0 | W7: 0 | X7: 0 | Y7: 0 | Z7: 0 | AA7: 0
A8: 0 | B8: 0 | C8: 0 | D8: 0 | E8: 0 | F8: 0 | G8: 0 | H8: 0 | I8: 0 | J8: 0 | K8: 0 | L8: 0 | M8: 0 | N8: 0 | O8: 0 | P8: 0 | Q8: 0 | R8: 0 | S8: 0 | T8: 0 | U8: 0 | V8: 0 | W8: 0 | X8: 0 | Y8: 0 | Z8: 0 | AA8: 0
A9: 0 | B9: 0 | C9: 0 | D9: 0 | E9: 0 | F9: 0 | G9: 0 | H9: 0 | I9: 0 | J9: 0 | K9: 0 | L9: 0 | M9: 0 | N9: 0 | O9: 0 | P9: 0 | Q9: 0 | R9: 0 | S9: 0 | T9: 0 | U9: 0 | V9: 0 | W9: 0 | X9: 0 | Y9: 0 | Z9: 0 | AA9: 0
A10: 0 | B10: 0 | C10: 0 | D10: 0 | E10: 0 | F10: 0 | G10: 0 | H10: 0 | I10: 0 | J10: 0 | K10: 0 | L10: 0 | M10: 0 | N10: 0 | O10: 0 | P10: 0 | Q10: 0 | R10: 0 | S10: 0 | T10: 0 | U10: 0 | V10: 0 | W10: 0 | X10: 0 | Y10: 0 | Z10: 0 | AA10: 0
A11: 0 | B11: 0 | C11: 0 | D11: 0 | E11: 0 | F11: 0 | G11: 0 | H11: 0 | I11: 0 | J11: 0 | K11: 0 | L11: 0 | M11: 0 | N11: 0 | O11: 0 | P11: 0 | Q11: 0 | R11: 0 | S11: 0 | T11: 0 | U11: 0 | V11: 0 | W11: 0 | X11: 0 | Y11: 0 | Z11: 0 | AA11: 0
A12: 0 | B12: 0 | C12: 0 | D12: 0 | E12: 0 | F12: 0 | G12: 0 | H12: 0 | I12: 0 | J12: 0 | K12: 0 | L12: 0 | M12: 0 | N12: 0 | O12: 0 | P12: 0 | Q12: 0 | R12: 0 | S12: 0 | T12: 0 | U12: 0 | V12: 0 | W12: 0 | X12: 0 | Y12: 0 | Z12: 0 | AA12: 0
... A841: 45.1723 | B841: 45.1723 | C841: 45.1723 | D841: 45.1723 | E841: 45.1723 | F841: 45.1723 | G841: 8.8758481 | H841: 8.8758481 | I841: 8.8758481 | J841: 8.8758481 | K841: 8.8758481 | L841: 8.8758481 | M841: 8.8758481 | N841: 0.13707896 | O841: 0.13707896 | P841: 0.13707896 | Q841: 0.13707896 | R841: 0.07960002 | S841: 0.07960002 | T841: 0.070967933 | U841: 0.070967933 | V841: 0 | W841: 0 | X841: 0 | Y841: 0 | Z841: 0 | AA841: 0

Sheet oileme
A1: 0 | B1: 0 | C1: 0 | D1: 0 | E1: 0 | F1: 0 | G1: 0 | H1: 0 | I1: 0 | J1: 0 | K1: 0 | L1: 0 | M1: 0 | N1: 0 | O1: 0 | P1: 0 | Q1: 0 | R1: 0 | S1: 0 | T1: 0 | U1: 0 | V1: 0 | W1: 0 | X1: 0 | Y1: 0 | Z1: 0 | AA1: 0
A2: 0 | B2: 0 | C2: 0 | D2: 0 | E2: 0 | F2: 0 | G2: 0 | H2: 0 | I2: 0 | J2: 0 | K2: 0 | L2: 0 | M2: 0 | N2: 0 | O2: 0 | P2: 0 | Q2: 0 | R2: 0 | S2: 0 | T2: 0 | U2: 0 | V2: 0 | W2: 0 | X2: 0 | Y2: 0 | Z2: 0 | AA2: 0
A3: 0 | B3: 0 | C3: 0 | D3: 0 | E3: 0 | F3: 0 | G3: 0 | H3: 0 | I3: 0 | J3: 0 | K3: 0 | L3: 0 | M3: 0 | N3: 0 | O3: 0 | P3: 0 | Q3: 0 | R3: 0 | S3: 0 | T3: 0 | U3: 0 | V3: 0 | W3: 0 | X3: 0 | Y3: 0 | Z3: 0 | AA3: 0
A4: 0 | B4: 0 | C4: 0 | D4: 0 | E4: 0 | F4: 0 | G4: 0 | H4: 0 | I4: 0 | J4: 0 | K4: 0 | L4: 0 | M4: 0 | N4: 0 | O4: 0 | P4: 0 | Q4: 0 | R4: 0 | S4: 0 | T4: 0 | U4: 0 | V4: 0 | W4: 0 | X4: 0 | Y4: 0 | Z4: 0 | AA4: 0
A5: 0 | B5: 0 | C5: 0 | D5: 0 | E5: 0 | F5: 0 | G5: 0 | H5: 0 | I5: 0 | J5: 0 | K5: 0 | L5: 0 | M5: 0 | N5: 0 | O5: 0 | P5: 0 | Q5: 0 | R5: 0 | S5: 0 | T5: 0 | U5: 0 | V5: 0 | W5: 0 | X5: 0 | Y5: 0 | Z5: 0 | AA5: 0
A6: 0 | B6: 0 | C6: 0 | D6: 0 | E6: 0 | F6: 0 | G6: 0 | H6: 0 | I6: 0 | J6: 0 | K6: 0 | L6: 0 | M6: 0 | N6: 0 | O6: 0 | P6: 0 | Q6: 0 | R6: 0 | S6: 0 | T6: 0 | U6: 0 | V6: 0 | W6: 0 | X6: 0 | Y6: 0 | Z6: 0 | AA6: 0
A7: 0 | B7: 0 | C7: 0 | D7: 0 | E7: 0 | F7: 0 | G7: 0 | H7: 0 | I7: 0 | J7: 0 | K7: 0 | L7: 0 | M7: 0 | N7: 0 | O7: 0 | P7: 0 | Q7: 0 | R7: 0 | S7: 0 | T7: 0 | U7: 0 | V7: 0 | W7: 0 | X7: 0 | Y7: 0 | Z7: 0 | AA7: 0
A8: 0 | B8: 0 | C8: 0 | D8: 0 | E8: 0 | F8: 0 | G8: 0 | H8: 0 | I8: 0 | J8: 0 | K8: 0 | L8: 0 | M8: 0 | N8: 0 | O8: 0 | P8: 0 | Q8: 0 | R8: 0 | S8: 0 | T8: 0 | U8: 0 | V8: 0 | W8: 0 | X8: 0 | Y8: 0 | Z8: 0 | AA8: 0
A9: 0 | B9: 0 | C9: 0 | D9: 0 | E9: 0 | F9: 0 | G9: 0 | H9: 0 | I9: 0 | J9: 0 | K9: 0 | L9: 0 | M9: 0 | N9: 0 | O9: 0 | P9: 0 | Q9: 0 | R9: 0 | S9: 0 | T9: 0 | U9: 0 | V9: 0 | W9: 0 | X9: 0 | Y9: 0 | Z9: 0 | AA9: 0
A10: 0 | B10: 0 | C10: 0 | D10: 0 | E10: 0 | F10: 0 | G10: 0 | H10: 0 | I10: 0 | J10: 0 | K10: 0 | L10: 0 | M10: 0 | N10: 0 | O10: 0 | P10: 0 | Q10: 0 | R10: 0 | S10: 0 | T10: 0 | U10: 0 | V10: 0 | W10: 0 | X10: 0 | Y10: 0 | Z10: 0 | AA10: 0
A11: 0 | B11: 0 | C11: 0 | D11: 0 | E11: 0 | F11: 0 | G11: 0 | H11: 0 | I11: 0 | J11: 0 | K11: 0 | L11: 0 | M11: 0 | N11: 0 | O11: 0 | P11: 0 | Q11: 0 | R11: 0 | S11: 0 | T11: 0 | U11: 0 | V11: 0 | W11: 0 | X11: 0 | Y11: 0 | Z11: 0 | AA11: 0
A12: 0 | B12: 0 | C12: 0 | D12: 0 | E12: 0 | F12: 0 | G12: 0 | H12: 0 | I12: 0 | J12: 0 | K12: 0 | L12: 0 | M12: 0 | N12: 0 | O12: 0 | P12: 0 | Q12: 0 | R12: 0 | S12: 0 | T12: 0 | U12: 0 | V12: 0 | W12: 0 | X12: 0 | Y12: 0 | Z12: 0 | AA12: 0
... A841: 0.62181454 | B841: 0.62181454 | C841: 0.62181454 | D841: 0.62181454 | E841: 0.62181454 | F841: 0.62181454 | G841: 1.5517505 | H841: 1.5517505 | I841: 1.5517505 | J841: 0.0023826265 | K841: 0.0023826265 | L841: 0.0023826265 | M841: 0.0023826265 | N841: 0.0023826265 | O841: 0.0023826265 | P841: 0.0023826265 | Q841: 0.0023826265 | R841: 0.0023837579 | S841: 0.0023837579 | T841: 0.0023837579 | U841: 0.0023837579 | V841: 0 | W841: 0 | X841: 0 | Y841: 0 | Z841: 0 | AA841: 0

Sheet oillmo
A1: 0 | B1: 0 | C1: 0 | D1: 0 | E1: 0 | F1: 0 | G1: 0 | H1: 0 | I1: 0 | J1: 0 | K1: 0 | L1: 0 | M1: 0 | N1: 0 | O1: 0 | P1: 0 | Q1: 0 | R1: 0 | S1: 0 | T1: 0 | U1: 0 | V1: 0 | W1: 0 | X1: 0 | Y1: 0 | Z1: 0 | AA1: 0
A2: 0 | B2: 0 | C2: 0 | D2: 0 | E2: 0 | F2: 0 | G2: 0 | H2: 0 | I2: 0 | J2: 0 | K2: 0 | L2: 0 | M2: 0 | N2: 0 | O2: 0 | P2: 0 | Q2: 0 | R2: 0 | S2: 0 | T2: 0 | U2: 0 | V2: 0 | W2: 0 | X2: 0 | Y2: 0 | Z2: 0 | AA2: 0
A3: 0 | B3: 0 | C3: 0 | D3: 0 | E3: 0 | F3: 0 | G3: 0 | H3: 0 | I3: 0 | J3: 0 | K3: 0 | L3: 0 | M3: 0 | N3: 0 | O3: 0 | P3: 0 | Q3: 0 | R3: 0 | S3: 0 | T3: 0 | U3: 0 | V3: 0 | W3: 0 | X3: 0 | Y3: 0 | Z3: 0 | AA3: 0
A4: 0 | B4: 0 | C4: 0 | D4: 0 | E4: 0 | F4: 0 | G4: 0 | H4: 0 | I4: 0 | J4: 0 | K4: 0 | L4: 0 | M4: 0 | N4: 0 | O4: 0 | P4: 0 | Q4: 0 | R4: 0 | S4: 0 | T4: 0 | U4: 0 | V4: 0 | W4: 0 | X4: 0 | Y4: 0 | Z4: 0 | AA4: 0
A5: 0 | B5: 0 | C5: 0 | D5: 0 | E5: 0 | F5: 0 | G5: 0 | H5: 0 | I5: 0 | J5: 0 | K5: 0 | L5: 0 | M5: 0 | N5: 0 | O5: 0 | P5: 0 | Q5: 0 | R5: 0 | S5: 0 | T5: 0 | U5: 0 | V5: 0 | W5: 0 | X5: 0 | Y5: 0 | Z5: 0 | AA5: 0
A6: 0 | B6: 0 | C6: 0 | D6: 0 | E6: 0 | F6: 0 | G6: 0 | H6: 0 | I6: 0 | J6: 0 | K6: 0 | L6: 0 | M6: 0 | N6: 0 | O6: 0 | P6: 0 | Q6: 0 | R6: 0 | S6: 0 | T6: 0 | U6: 0 | V6: 0 | W6: 0 | X6: 0 | Y6: 0 | Z6: 0 | AA6: 0
A7: 0 | B7: 0 | C7: 0 | D7: 0 | E7: 0 | F7: 0 | G7: 0 | H7: 0 | I7: 0 | J7: 0 | K7: 0 | L7: 0 | M7: 0 | N7: 0 | O7: 0 | P7: 0 | Q7: 0 | R7: 0 | S7: 0 | T7: 0 | U7: 0 | V7: 0 | W7: 0 | X7: 0 | Y7: 0 | Z7: 0 | AA7: 0
A8: 0 | B8: 0 | C8: 0 | D8: 0 | E8: 0 | F8: 0 | G8: 0 | H8: 0 | I8: 0 | J8: 0 | K8: 0 | L8: 0 | M8: 0 | N8: 0 | O8: 0 | P8: 0 | Q8: 0 | R8: 0 | S8: 0 | T8: 0 | U8: 0 | V8: 0 | W8: 0 | X8: 0 | Y8: 0 | Z8: 0 | AA8: 0
A9: 0 | B9: 0 | C9: 0 | D9: 0 | E9: 0 | F9: 0 | G9: 0 | H9: 0 | I9: 0 | J9: 0 | K9: 0 | L9: 0 | M9: 0 | N9: 0 | O9: 0 | P9: 0 | Q9: 0 | R9: 0 | S9: 0 | T9: 0 | U9: 0 | V9: 0 | W9: 0 | X9: 0 | Y9: 0 | Z9: 0 | AA9: 0
A10: 0 | B10: 0 | C10: 0 | D10: 0 | E10: 0 | F10: 0 | G10: 0 | H10: 0 | I10: 0 | J10: 0 | K10: 0 | L10: 0 | M10: 0 | N10: 0 | O10: 0 | P10: 0 | Q10: 0 | R10: 0 | S10: 0 | T10: 0 | U10: 0 | V10: 0 | W10: 0 | X10: 0 | Y10: 0 | Z10: 0 | AA10: 0
A11: 0 | B11: 0 | C11: 0 | D11: 0 | E11: 0 | F11: 0 | G11: 0 | H11: 0 | I11: 0 | J11: 0 | K11: 0 | L11: 0 | M11: 0 | N11: 0 | O11: 0 | P11: 0 | Q11: 0 | R11: 0 | S11: 0 | T11: 0 | U11: 0 | V11: 0 | W11: 0 | X11: 0 | Y11: 0 | Z11: 0 | AA11: 0
A12: 0 | B12: 0 | C12: 0 | D12: 0 | E12: 0 | F12: 0 | G12: 0 | H12: 0 | I12: 0 | J12: 0 | K12: 0 | L12: 0 | M12: 0 | N12: 0 | O12: 0 | P12: 0 | Q12: 0 | R12: 0 | S12: 0 | T12: 0 | U12: 0 | V12: 0 | W12: 0 | X12: 0 | Y12: 0 | Z12: 0 | AA12: 0
... A841: 42767 | B841: 42767 | C841: 42767 | D841: 42767 | E841: 42767 | F841: 42767 | G841: 1292 | H841: 1292 | I841: 1292 | J841: 1292 | K841: 1292 | L841: 1292 | M841: 1292 | N841: 91 | O841: 91 | P841: 91 | Q841: 91 | R841: 92 | S841: 92 | T841: 333 | U841: 333 | V841: 0 | W841: 0 | X841: 0 | Y841: 0 | Z841: 0 | AA841: 0

Sheet oillme
A1: 0 | B1: 0 | C1: 0 | D1: 0 | E1: 0 | F1: 0 | G1: 0 | H1: 0 | I1: 0 | J1: 0 | K1: 0 | L1: 0 | M1: 0 | N1: 0 | O1: 0 | P1: 0 | Q1: 0 | R1: 0 | S1: 0 | T1: 0 | U1: 0 | V1: 0 | W1: 0 | X1: 0 | Y1: 0 | Z1: 0 | AA1: 0
A2: 0 | B2: 0 | C2: 0 | D2: 0 | E2: 0 | F2: 0 | G2: 0 | H2: 0 | I2: 0 | J2: 0 | K2: 0 | L2: 0 | M2: 0 | N2: 0 | O2: 0 | P2: 0 | Q2: 0 | R2: 0 | S2: 0 | T2: 0 | U2: 0 | V2: 0 | W2: 0 | X2: 0 | Y2: 0 | Z2: 0 | AA2: 0
A3: 0 | B3: 0 | C3: 0 | D3: 0 | E3: 0 | F3: 0 | G3: 0 | H3: 0 | I3: 0 | J3: 0 | K3: 0 | L3: 0 | M3: 0 | N3: 0 | O3: 0 | P3: 0 | Q3: 0 | R3: 0 | S3: 0 | T3: 0 | U3: 0 | V3: 0 | W3: 0 | X3: 0 | Y3: 0 | Z3: 0 | AA3: 0
A4: 0 | B4: 0 | C4: 0 | D4: 0 | E4: 0 | F4: 0 | G4: 0 | H4: 0 | I4: 0 | J4: 0 | K4: 0 | L4: 0 | M4: 0 | N4: 0 | O4: 0 | P4: 0 | Q4: 0 | R4: 0 | S4: 0 | T4: 0 | U4: 0 | V4: 0 | W4: 0 | X4: 0 | Y4: 0 | Z4: 0 | AA4: 0
A5: 0 | B5: 0 | C5: 0 | D5: 0 | E5: 0 | F5: 0 | G5: 0 | H5: 0 | I5: 0 | J5: 0 | K5: 0 | L5: 0 | M5: 0 | N5: 0 | O5: 0 | P5: 0 | Q5: 0 | R5: 0 | S5: 0 | T5: 0 | U5: 0 | V5: 0 | W5: 0 | X5: 0 | Y5: 0 | Z5: 0 | AA5: 0
A6: 0 | B6: 0 | C6: 0 | D6: 0 | E6: 0 | F6: 0 | G6: 0 | H6: 0 | I6: 0 | J6: 0 | K6: 0 | L6: 0 | M6: 0 | N6: 0 | O6: 0 | P6: 0 | Q6: 0 | R6: 0 | S6: 0 | T6: 0 | U6: 0 | V6: 0 | W6: 0 | X6: 0 | Y6: 0 | Z6: 0 | AA6: 0
A7: 0 | B7: 0 | C7: 0 | D7: 0 | E7: 0 | F7: 0 | G7: 0 | H7: 0 | I7: 0 | J7: 0 | K7: 0 | L7: 0 | M7: 0 | N7: 0 | O7: 0 | P7: 0 | Q7: 0 | R7: 0 | S7: 0 | T7: 0 | U7: 0 | V7: 0 | W7: 0 | X7: 0 | Y7: 0 | Z7: 0 | AA7: 0
A8: 0 | B8: 0 | C8: 0 | D8: 0 | E8: 0 | F8: 0 | G8: 0 | H8: 0 | I8: 0 | J8: 0 | K8: 0 | L8: 0 | M8: 0 | N8: 0 | O8: 0 | P8: 0 | Q8: 0 | R8: 0 | S8: 0 | T8: 0 | U8: 0 | V8: 0 | W8: 0 | X8: 0 | Y8: 0 | Z8: 0 | AA8: 0
A9: 0 | B9: 0 | C9: 0 | D9: 0 | E9: 0 | F9: 0 | G9: 0 | H9: 0 | I9: 0 | J9: 0 | K9: 0 | L9: 0 | M9: 0 | N9: 0 | O9: 0 | P9: 0 | Q9: 0 | R9: 0 | S9: 0 | T9: 0 | U9: 0 | V9: 0 | W9: 0 | X9: 0 | Y9: 0 | Z9: 0 | AA9: 0
A10: 0 | B10: 0 | C10: 0 | D10: 0 | E10: 0 | F10: 0 | G10: 0 | H10: 0 | I10: 0 | J10: 0 | K10: 0 | L10: 0 | M10: 0 | N10: 0 | O10: 0 | P10: 0 | Q10: 0 | R10: 0 | S10: 0 | T10: 0 | U10: 0 | V10: 0 | W10: 0 | X10: 0 | Y10: 0 | Z10: 0 | AA10: 0
A11: 0 | B11: 0 | C11: 0 | D11: 0 | E11: 0 | F11: 0 | G11: 0 | H11: 0 | I11: 0 | J11: 0 | K11: 0 | L11: 0 | M11: 0 | N11: 0 | O11: 0 | P11: 0 | Q11: 0 | R11: 0 | S11: 0 | T11: 0 | U11: 0 | V11: 0 | W11: 0 | X11: 0 | Y11: 0 | Z11: 0 | AA11: 0
A12: 0 | B12: 0 | C12: 0 | D12: 0 | E12: 0 | F12: 0 | G12: 0 | H12: 0 | I12: 0 | J12: 0 | K12: 0 | L12: 0 | M12: 0 | N12: 0 | O12: 0 | P12: 0 | Q12: 0 | R12: 0 | S12: 0 | T12: 0 | U12: 0 | V12: 0 | W12: 0 | X12: 0 | Y12: 0 | Z12: 0 | AA12: 0
... A841: 329 | B841: 329 | C841: 329 | D841: 329 | E841: 329 | F841: 329 | G841: 51 | H841: 51 | I841: 51 | J841: 5 | K841: 5 | L841: 5 | M841: 5 | N841: 5 | O841: 5 | P841: 5 | Q841: 5 | R841: 20 | S841: 20 | T841: 20 | U841: 20 | V841: 0 | W841: 0 | X841: 0 | Y841: 0 | Z841: 0 | AA841: 0

Sheet oilpfmo
A1: 0 | B1: 0 | C1: 0 | D1: 0 | E1: 0 | F1: 0 | G1: 0 | H1: 0 | I1: 0 | J1: 0 | K1: 0 | L1: 0 | M1: 0 | N1: 0 | O1: 0 | P1: 0 | Q1: 0 | R1: 0 | S1: 0 | T1: 0 | U1: 0 | V1: 0 | W1: 0 | X1: 0 | Y1: 0 | Z1: 0 | AA1: 0
A2: 0 | B2: 0 | C2: 0 | D2: 0 | E2: 0 | F2: 0 | G2: 0 | H2: 0 | I2: 0 | J2: 0 | K2: 0 | L2: 0 | M2: 0 | N2: 0 | O2: 0 | P2: 0 | Q2: 0 | R2: 0 | S2: 0 | T2: 0 | U2: 0 | V2: 0 | W2: 0 | X2: 0 | Y2: 0 | Z2: 0 | AA2: 0
A3: 0 | B3: 0 | C3: 0 | D3: 0 | E3: 0 | F3: 0 | G3: 0 | H3: 0 | I3: 0 | J3: 0 | K3: 0 | L3: 0 | M3: 0 | N3: 0 | O3: 0 | P3: 0 | Q3: 0 | R3: 0 | S3: 0 | T3: 0 | U3: 0 | V3: 0 | W3: 0 | X3: 0 | Y3: 0 | Z3: 0 | AA3: 0
A4: 0 | B4: 0 | C4: 0 | D4: 0 | E4: 0 | F4: 0 | G4: 0 | H4: 0 | I4: 0 | J4: 0 | K4: 0 | L4: 0 | M4: 0 | N4: 0 | O4: 0 | P4: 0 | Q4: 0 | R4: 0 | S4: 0 | T4: 0 | U4: 0 | V4: 0 | W4: 0 | X4: 0 | Y4: 0 | Z4: 0 | AA4: 0
A5: 0 | B5: 0 | C5: 0 | D5: 0 | E5: 0 | F5: 0 | G5: 0 | H5: 0 | I5: 0 | J5: 0 | K5: 0 | L5: 0 | M5: 0 | N5: 0 | O5: 0 | P5: 0 | Q5: 0 | R5: 0 | S5: 0 | T5: 0 | U5: 0 | V5: 0 | W5: 0 | X5: 0 | Y5: 0 | Z5: 0 | AA5: 0
A6: 0 | B6: 0 | C6: 0 | D6: 0 | E6: 0 | F6: 0 | G6: 0 | H6: 0 | I6: 0 | J6: 0 | K6: 0 | L6: 0 | M6: 0 | N6: 0 | O6: 0 | P6: 0 | Q6: 0 | R6: 0 | S6: 0 | T6: 0 | U6: 0 | V6: 0 | W6: 0 | X6: 0 | Y6: 0 | Z6: 0 | AA6: 0
A7: 0 | B7: 0 | C7: 0 | D7: 0 | E7: 0 | F7: 0 | G7: 0 | H7: 0 | I7: 0 | J7: 0 | K7: 0 | L7: 0 | M7: 0 | N7: 0 | O7: 0 | P7: 0 | Q7: 0 | R7: 0 | S7: 0 | T7: 0 | U7: 0 | V7: 0 | W7: 0 | X7: 0 | Y7: 0 | Z7: 0 | AA7: 0
A8: 0 | B8: 0 | C8: 0 | D8: 0 | E8: 0 | F8: 0 | G8: 0 | H8: 0 | I8: 0 | J8: 0 | K8: 0 | L8: 0 | M8: 0 | N8: 0 | O8: 0 | P8: 0 | Q8: 0 | R8: 0 | S8: 0 | T8: 0 | U8: 0 | V8: 0 | W8: 0 | X8: 0 | Y8: 0 | Z8: 0 | AA8: 0
A9: 0 | B9: 0 | C9: 0 | D9: 0 | E9: 0 | F9: 0 | G9: 0 | H9: 0 | I9: 0 | J9: 0 | K9: 0 | L9: 0 | M9: 0 | N9: 0 | O9: 0 | P9: 0 | Q9: 0 | R9: 0 | S9: 0 | T9: 0 | U9: 0 | V9: 0 | W9: 0 | X9: 0 | Y9: 0 | Z9: 0 | AA9: 0
A10: 0 | B10: 0 | C10: 0 | D10: 0 | E10: 0 | F10: 0 | G10: 0 | H10: 0 | I10: 0 | J10: 0 | K10: 0 | L10: 0 | M10: 0 | N10: 0 | O10: 0 | P10: 0 | Q10: 0 | R10: 0 | S10: 0 | T10: 0 | U10: 0 | V10: 0 | W10: 0 | X10: 0 | Y10: 0 | Z10: 0 | AA10: 0
A11: 0 | B11: 0 | C11: 0 | D11: 0 | E11: 0 | F11: 0 | G11: 0 | H11: 0 | I11: 0 | J11: 0 | K11: 0 | L11: 0 | M11: 0 | N11: 0 | O11: 0 | P11: 0 | Q11: 0 | R11: 0 | S11: 0 | T11: 0 | U11: 0 | V11: 0 | W11: 0 | X11: 0 | Y11: 0 | Z11: 0 | AA11: 0
A12: 0 | B12: 0 | C12: 0 | D12: 0 | E12: 0 | F12: 0 | G12: 0 | H12: 0 | I12: 0 | J12: 0 | K12: 0 | L12: 0 | M12: 0 | N12: 0 | O12: 0 | P12: 0 | Q12: 0 | R12: 0 | S12: 0 | T12: 0 | U12: 0 | V12: 0 | W12: 0 | X12: 0 | Y12: 0 | Z12: 0 | AA12: 0
... A841: 18237.095 | B841: 18237.095 | C841: 18237.095 | D841: 18237.095 | E841: 18237.095 | F841: 18237.095 | G841: 5245.173 | H841: 5630.651 | I841: 6016.1291 | J841: 6401.6072 | K841: 6787.0853 | L841: 7172.5634 | M841: 7558.0415 | N841: 146.23786 | O841: 152.1912 | P841: 158.14454 | Q841: 164.09788 | R841: 90.399377 | S841: 93.856406 | T841: 82.00621 | U841: 85.088347 | V841: 0 | W841: 0 | X841: 0 | Y841: 0 | Z841: 0 | AA841: 0

Sheet oilpfme
A1: 0 | B1: 0 | C1: 0 | D1: 0 | E1: 0 | F1: 0 | G1: 0 | H1: 0 | I1: 0 | J1: 0 | K1: 0 | L1: 0 | M1: 0 | N1: 0 | O1: 0 | P1: 0 | Q1: 0 | R1: 0 | S1: 0 | T1: 0 | U1: 0 | V1: 0 | W1: 0 | X1: 0 | Y1: 0 | Z1: 0 | AA1: 0
A2: 0 | B2: 0 | C2: 0 | D2: 0 | E2: 0 | F2: 0 | G2: 0 | H2: 0 | I2: 0 | J2: 0 | K2: 0 | L2: 0 | M2: 0 | N2: 0 | O2: 0 | P2: 0 | Q2: 0 | R2: 0 | S2: 0 | T2: 0 | U2: 0 | V2: 0 | W2: 0 | X2: 0 | Y2: 0 | Z2: 0 | AA2: 0
A3: 0 | B3: 0 | C3: 0 | D3: 0 | E3: 0 | F3: 0 | G3: 0 | H3: 0 | I3: 0 | J3: 0 | K3: 0 | L3: 0 | M3: 0 | N3: 0 | O3: 0 | P3: 0 | Q3: 0 | R3: 0 | S3: 0 | T3: 0 | U3: 0 | V3: 0 | W3: 0 | X3: 0 | Y3: 0 | Z3: 0 | AA3: 0
A4: 0 | B4: 0 | C4: 0 | D4: 0 | E4: 0 | F4: 0 | G4: 0 | H4: 0 | I4: 0 | J4: 0 | K4: 0 | L4: 0 | M4: 0 | N4: 0 | O4: 0 | P4: 0 | Q4: 0 | R4: 0 | S4: 0 | T4: 0 | U4: 0 | V4: 0 | W4: 0 | X4: 0 | Y4: 0 | Z4: 0 | AA4: 0
A5: 0 | B5: 0 | C5: 0 | D5: 0 | E5: 0 | F5: 0 | G5: 0 | H5: 0 | I5: 0 | J5: 0 | K5: 0 | L5: 0 | M5: 0 | N5: 0 | O5: 0 | P5: 0 | Q5: 0 | R5: 0 | S5: 0 | T5: 0 | U5: 0 | V5: 0 | W5: 0 | X5: 0 | Y5: 0 | Z5: 0 | AA5: 0
A6: 0 | B6: 0 | C6: 0 | D6: 0 | E6: 0 | F6: 0 | G6: 0 | H6: 0 | I6: 0 | J6: 0 | K6: 0 | L6: 0 | M6: 0 | N6: 0 | O6: 0 | P6: 0 | Q6: 0 | R6: 0 | S6: 0 | T6: 0 | U6: 0 | V6: 0 | W6: 0 | X6: 0 | Y6: 0 | Z6: 0 | AA6: 0
A7: 0 | B7: 0 | C7: 0 | D7: 0 | E7: 0 | F7: 0 | G7: 0 | H7: 0 | I7: 0 | J7: 0 | K7: 0 | L7: 0 | M7: 0 | N7: 0 | O7: 0 | P7: 0 | Q7: 0 | R7: 0 | S7: 0 | T7: 0 | U7: 0 | V7: 0 | W7: 0 | X7: 0 | Y7: 0 | Z7: 0 | AA7: 0
A8: 0 | B8: 0 | C8: 0 | D8: 0 | E8: 0 | F8: 0 | G8: 0 | H8: 0 | I8: 0 | J8: 0 | K8: 0 | L8: 0 | M8: 0 | N8: 0 | O8: 0 | P8: 0 | Q8: 0 | R8: 0 | S8: 0 | T8: 0 | U8: 0 | V8: 0 | W8: 0 | X8: 0 | Y8: 0 | Z8: 0 | AA8: 0
A9: 0 | B9: 0 | C9: 0 | D9: 0 | E9: 0 | F9: 0 | G9: 0 | H9: 0 | I9: 0 | J9: 0 | K9: 0 | L9: 0 | M9: 0 | N9: 0 | O9: 0 | P9: 0 | Q9: 0 | R9: 0 | S9: 0 | T9: 0 | U9: 0 | V9: 0 | W9: 0 | X9: 0 | Y9: 0 | Z9: 0 | AA9: 0
A10: 0 | B10: 0 | C10: 0 | D10: 0 | E10: 0 | F10: 0 | G10: 0 | H10: 0 | I10: 0 | J10: 0 | K10: 0 | L10: 0 | M10: 0 | N10: 0 | O10: 0 | P10: 0 | Q10: 0 | R10: 0 | S10: 0 | T10: 0 | U10: 0 | V10: 0 | W10: 0 | X10: 0 | Y10: 0 | Z10: 0 | AA10: 0
A11: 0 | B11: 0 | C11: 0 | D11: 0 | E11: 0 | F11: 0 | G11: 0 | H11: 0 | I11: 0 | J11: 0 | K11: 0 | L11: 0 | M11: 0 | N11: 0 | O11: 0 | P11: 0 | Q11: 0 | R11: 0 | S11: 0 | T11: 0 | U11: 0 | V11: 0 | W11: 0 | X11: 0 | Y11: 0 | Z11: 0 | AA11: 0
A12: 0 | B12: 0 | C12: 0 | D12: 0 | E12: 0 | F12: 0 | G12: 0 | H12: 0 | I12: 0 | J12: 0 | K12: 0 | L12: 0 | M12: 0 | N12: 0 | O12: 0 | P12: 0 | Q12: 0 | R12: 0 | S12: 0 | T12: 0 | U12: 0 | V12: 0 | W12: 0 | X12: 0 | Y12: 0 | Z12: 0 | AA12: 0
... A841: 263.38072 | B841: 263.38072 | C841: 263.38072 | D841: 263.38072 | E841: 263.38072 | F841: 263.38072 | G841: 1295.0125 | H841: 1362.405 | I841: 1429.7976 | J841: 1.6268803 | K841: 1.7303578 | L841: 1.8338353 | M841: 1.9373127 | N841: 2.5236374 | O841: 2.6271149 | P841: 2.7305924 | Q841: 2.8340698 | R841: 2.5768499 | S841: 2.6803766 | T841: 2.7839032 | U841: 2.8874298 | V841: 0 | W841: 0 | X841: 0 | Y841: 0 | Z841: 0 | AA841: 0

Sheet lato
A1: 39.166667 | B1: 39.166667 | C1: 39.166667 | D1: 39.166667 | E1: 39.166667 | F1: 39.166667 | G1: 31.236093 | H1: 31.236093 | I1: 31.236093 | J1: 31.236093 | K1: 31.236093 | L1: 31.236093 | M1: 31.236093 | N1: 31.236093 | O1: 31.236093 | P1: 31.236093 | Q1: 31.236093 | R1: 31.236093 | S1: 31.236093 | T1: 31.236093 | U1: 31.236093 | V1: 31.236093 | W1: 31.236093 | X1: 31.236093 | Y1: 31.236093 | Z1: 31.236093 | AA1: 31.236093
A2: 33.016767 | B2: 33.016767 | C2: 39.849253 | D2: 39.849253 | E2: 39.849253 | F2: 39.849253 | G2: 43.799444 | H2: 44.417017 | I2: 35.214093 | J2: 35.214093 | K2: 35.214093 | L2: 35.214093 | M2: 35.214093 | N2: 35.214093 | O2: 35.214093 | P2: 35.214093 | Q2: 35.214093 | R2: 35.214093 | S2: 35.214093 | T2: 35.214093 | U2: 35.214093 | V2: 35.214093 | W2: 35.214093 | X2: 35.214093 | Y2: 35.214093 | Z2: 35.214093 | AA2: 35.214093
A3: 41.683726 | B3: 32.75056 | C3: 33.016767 | D3: 33.016767 | E3: 33.016767 | F3: 33.016767 | G3: 38.101769 | H3: 43.799444 | I3: 44.417017 | J3: 31.374743 | K3: 31.374743 | L3: 31.374743 | M3: 31.374743 | N3: 31.374743 | O3: 31.374743 | P3: 31.374743 | Q3: 31.374743 | R3: 31.374743 | S3: 31.374743 | T3: 31.374743 | U3: 31.374743 | V3: 31.374743 | W3: 31.374743 | X3: 31.374743 | Y3: 31.374743 | Z3: 31.374743 | AA3: 31.374743
A4: 39.401389 | B4: 41.683726 | C4: 32.75056 | D4: 32.75056 | E4: 32.75056 | F4: 32.75056 | G4: 43.842869 | H4: 38.101769 | I4: 43.799444 | J4: 44.417017 | K4: 44.417017 | L4: 44.417017 | M4: 44.417017 | N4: 44.417017 | O4: 44.417017 | P4: 44.417017 | Q4: 44.417017 | R4: 44.417017 | S4: 44.417017 | T4: 44.417017 | U4: 44.417017 | V4: 44.417017 | W4: 44.417017 | X4: 44.417017 | Y4: 44.417017 | Z4: 44.417017 | AA4: 44.417017
A5: 38.82542 | B5: 30.527086 | C5: 41.683726 | D5: 32.694167 | E5: 32.694167 | F5: 37.283333 | G5: 45.983333 | H5: 43.842869 | I5: 38.101769 | J5: 43.799444 | K5: 43.799444 | L5: 43.799444 | M5: 43.799444 | N5: 43.799444 | O5: 43.799444 | P5: 43.799444 | Q5: 43.799444 | R5: 43.799444 | S5: 43.799444 | T5: 43.799444 | U5: 43.799444 | V5: 43.799444 | W5: 43.799444 | X5: 43.799444 | Y5: 43.799444 | Z5: 43.799444 | AA5: 43.799444
A6: 41.272117 | B6: 39.401389 | C6: 35.410442 | D6: 41.683726 | E6: 41.683726 | F6: 32.66676 | G6: 30.287565 | H6: 45.983333 | I6: 43.842869 | J6: 38.101769 | K6: 38.101769 | L6: 38.101769 | M6: 38.101769 | N6: 38.101769 | O6: 38.101769 | P6: 38.101769 | Q6: 38.101769 | R6: 38.101769 | S6: 38.101769 | T6: 38.101769 | U6: 38.101769 | V6: 38.101769 | W6: 38.101769 | X6: 38.101769 | Y6: 38.101769 | Z6: 38.101769 | AA6: 38.101769
A7: 39.159428 | B7: 30.505556 | C7: 30.527086 | D7: 32.600091 | E7: 32.600091 | F7: 32.694167 | G7: 36.016667 | H7: 30.287565 | I7: 45.983333 | J7: 43.842869 | K7: 43.842869 | L7: 43.842869 | M7: 43.842869 | N7: 43.842869 | O7: 43.842869 | P7: 43.842869 | Q7: 43.842869 | R7: 43.842869 | S7: 43.842869 | T7: 43.842869 | U7: 43.842869 | V7: 43.842869 | W7: 43.842869 | X7: 43.842869 | Y7: 43.842869 | Z7: 43.842869 | AA7: 43.842869
A8: 38.022667 | B8: 37.9775 | C8: 38.007134 | D8: 35.410442 | E8: 35.410442 | F8: 41.683726 | G8: 31.075106 | H8: 36.016667 | I8: 30.287565 | J8: 45.983333 | K8: 45.983333 | L8: 45.983333 | M8: 45.983333 | N8: 45.983333 | O8: 45.983333 | P8: 45.983333 | Q8: 45.983333 | R8: 45.983333 | S8: 45.983333 | T8: 45.983333 | U8: 45.983333 | V8: 45.983333 | W8: 45.983333 | X8: 45.983333 | Y8: 45.983333 | Z8: 45.983333 | AA8: 45.983333
A9: 20.816667 | B9: 38.82542 | C9: 39.401389 | D9: 30.527086 | E9: 30.527086 | F9: 32.600091 | G9: 23.233102 | H9: 31.075106 | I9: 36.016667 | J9: 30.287565 | K9: 30.287565 | L9: 30.287565 | M9: 30.287565 | N9: 30.287565 | O9: 30.287565 | P9: 30.287565 | Q9: 30.287565 | R9: 30.287565 | S9: 30.287565 | T9: 30.287565 | U9: 30.287565 | V9: 30.287565 | W9: 30.287565 | X9: 30.287565 | Y9: 30.287565 | Z9: 30.287565 | AA9: 30.287565
A10: 19.934534 | B10: 41.272117 | C10: 41.362716 | D10: 38.007134 | E10: 38.007134 | F10: 35.410442 | G10: 32.927545 | H10: 23.233102 | I10: 31.075106 | J10: 36.016667 | K10: 36.016667 | L10: 36.016667 | M10: 36.016667 | N10: 36.016667 | O10: 36.016667 | P10: 36.016667 | Q10: 36.016667 | R10: 36.016667 | S10: 36.016667 | T10: 36.016667 | U10: 36.016667 | V10: 36.016667 | W10: 36.016667 | X10: 36.016667 | Y10: 36.016667 | Z10: 36.016667 | AA10: 36.016667
A11: 41.554273 | B11: 39.175252 | C11: 30.505556 | D11: 39.401389 | E11: 39.401389 | F11: 30.527086 | G11: 43.933333 | H11: 32.927545 | I11: 23.233102 | J11: 31.075106 | K11: 33.05 | L11: 33.05 | M11: 33.05 | N11: 33.05 | O11: 33.05 | P11: 33.05 | Q11: 33.05 | R11: 33.05 | S11: 33.05 | T11: 33.05 | U11: 33.05 | V11: 33.05 | W11: 33.05 | X11: 33.05 | Y11: 33.05 | Z11: 33.05 | AA11: 33.05
A12: 21.164711 | B12: 39.159428 | C12: 39.208333 | D12: 41.362716 | E12: 45.326885 | F12: 38.007134 | G12: 39.616944 | H12: 43.933333 | I12: 32.927545 | J12: 23.233102 | K12: 31.075106 | L12: 31.075106 | M12: 30.973712 | N12: 30.973712 | O12: 30.973712 | P12: 30.973712 | Q12: 30.973712 | R12: 30.973712 | S12: 30.973712 | T12: 30.973712 | U12: 30.973712 | V12: 30.973712 | W12: 30.973712 | X12: 30.973712 | Y12: 30.973712 | Z12: 30.973712 | AA12: 30.973712
... A841: 46.537419 | B841: 46.537419 | C841: 46.537419 | D841: 46.537419 | E841: 46.537419 | F841: 46.537419 | G841: 37.75 | H841: 37.75 | I841: 37.75 | J841: 37.75 | K841: 37.75 | L841: 37.75 | M841: 37.75 | N841: 32.696389 | O841: 32.696389 | P841: 32.696389 | Q841: 32.696389 | R841: 38.583333 | S841: 38.583333 | T841: 37.85 | U841: 37.85 | V841: 46.537419 | W841: 46.537419 | X841: 46.537419 | Y841: 46.537419 | Z841: 46.537419 | AA841: 46.537419

Sheet lono
A1: 116.5 | B1: 116.5 | C1: 116.5 | D1: 116.5 | E1: 116.5 | F1: 116.5 | G1: 107.1543 | H1: 107.1543 | I1: 107.1543 | J1: 107.1543 | K1: 107.1543 | L1: 107.1543 | M1: 107.1543 | N1: 107.1543 | O1: 107.1543 | P1: 107.1543 | Q1: 107.1543 | R1: 107.1543 | S1: 107.1543 | T1: 107.1543 | U1: 107.1543 | V1: 107.1543 | W1: 107.1543 | X1: 107.1543 | Y1: 107.1543 | Z1: 107.1543 | AA1: 107.1543
A2: 120.26739 | B2: 120.26739 | C2: 97.676238 | D2: 97.676238 | E2: 97.676238 | F2: 97.676238 | G2: 124.46806 | H2: 125.03432 | I2: 108.7665 | J2: 108.7665 | K2: 108.7665 | L2: 108.7665 | M2: 108.7665 | N2: 108.7665 | O2: 108.7665 | P2: 108.7665 | Q2: 108.7665 | R2: 108.7665 | S2: 108.7665 | T2: 108.7665 | U2: 108.7665 | V2: 108.7665 | W2: 108.7665 | X2: 108.7665 | Y2: 108.7665 | Z2: 108.7665 | AA2: 108.7665
A3: 106.50038 | B3: 120.23607 | C3: 120.26739 | D3: 120.26739 | E3: 120.26739 | F3: 120.26739 | G3: 94.828199 | H3: 124.46806 | I3: 125.03432 | J3: 105.79064 | K3: 105.79064 | L3: 105.79064 | M3: 105.79064 | N3: 105.79064 | O3: 105.79064 | P3: 105.79064 | Q3: 105.79064 | R3: 105.79064 | S3: 105.79064 | T3: 105.79064 | U3: 105.79064 | V3: 105.79064 | W3: 105.79064 | X3: 105.79064 | Y3: 105.79064 | Z3: 105.79064 | AA3: 105.79064
A4: 77.690556 | B4: 106.50038 | C4: 120.23607 | D4: 120.23607 | E4: 120.23607 | F4: 120.23607 | G4: 86.628222 | H4: 94.828199 | I4: 124.46806 | J4: 125.03432 | K4: 125.03432 | L4: 125.03432 | M4: 125.03432 | N4: 125.03432 | O4: 125.03432 | P4: 125.03432 | Q4: 125.03432 | R4: 125.03432 | S4: 125.03432 | T4: 125.03432 | U4: 125.03432 | V4: 125.03432 | W4: 125.03432 | X4: 125.03432 | Y4: 125.03432 | Z4: 125.03432 | AA4: 125.03432
A5: 118.10195 | B5: 112.85575 | C5: 106.50038 | D5: 120.1675 | E5: 120.1675 | F5: 106.68333 | G5: 128.96667 | H5: 86.628222 | I5: 94.828199 | J5: 124.46806 | K5: 124.46806 | L5: 124.46806 | M5: 124.46806 | N5: 124.46806 | O5: 124.46806 | P5: 124.46806 | Q5: 124.46806 | R5: 124.46806 | S5: 124.46806 | T5: 124.46806 | U5: 124.46806 | V5: 124.46806 | W5: 124.46806 | X5: 124.46806 | Y5: 124.46806 | Z5: 124.46806 | AA5: 124.46806
A6: 84.433751 | B6: 77.690556 | C6: 114.91909 | D6: 106.50038 | E6: 106.50038 | F6: 120.04238 | G6: 105.69093 | H6: 128.96667 | I6: 86.628222 | J6: 94.828199 | K6: 94.828199 | L6: 94.828199 | M6: 94.828199 | N6: 94.828199 | O6: 94.828199 | P6: 94.828199 | Q6: 94.828199 | R6: 94.828199 | S6: 94.828199 | T6: 94.828199 | U6: 94.828199 | V6: 94.828199 | W6: 94.828199 | X6: 94.828199 | Y6: 94.828199 | Z6: 94.828199 | AA6: 94.828199
A7: 119.69632 | B7: 112.68333 | C7: 112.85575 | D7: 119.99265 | E7: 119.99265 | F7: 120.1675 | G7: 109.5 | H7: 105.69093 | I7: 128.96667 | J7: 86.628222 | K7: 86.628222 | L7: 86.628222 | M7: 86.628222 | N7: 86.628222 | O7: 86.628222 | P7: 86.628222 | Q7: 86.628222 | R7: 86.628222 | S7: 86.628222 | T7: 86.628222 | U7: 86.628222 | V7: 86.628222 | W7: 86.628222 | X7: 86.628222 | Y7: 86.628222 | Z7: 86.628222 | AA7: 86.628222
A8: 119.53114 | B8: 115.265 | C8: 115.49827 | D8: 114.91909 | E8: 114.91909 | F8: 106.50038 | G8: 106.58367 | H8: 109.5 | I8: 105.69093 | J8: 128.96667 | K8: 128.96667 | L8: 128.96667 | M8: 128.96667 | N8: 128.96667 | O8: 128.96667 | P8: 128.96667 | Q8: 128.96667 | R8: 128.96667 | S8: 128.96667 | T8: 128.96667 | U8: 128.96667 | V8: 128.96667 | W8: 128.96667 | X8: 128.96667 | Y8: 128.96667 | Z8: 128.96667 | AA8: 128.96667
A9: 114.58333 | B9: 118.10195 | C9: 77.690556 | D9: 112.85575 | E9: 112.85575 | F9: 119.99265 | G9: 112.93171 | H9: 106.58367 | I9: 109.5 | J9: 105.69093 | K9: 105.69093 | L9: 105.69093 | M9: 105.69093 | N9: 105.69093 | O9: 105.69093 | P9: 105.69093 | Q9: 105.69093 | R9: 105.69093 | S9: 105.69093 | T9: 105.69093 | U9: 105.69093 | V9: 105.69093 | W9: 105.69093 | X9: 105.69093 | Y9: 105.69093 | Z9: 105.69093 | AA9: 105.69093
A10: 109.89159 | B10: 84.433751 | C10: 81.66391 | D10: 115.49827 | E10: 115.49827 | F10: 114.91909 | G10: 119.12934 | H10: 112.93171 | I10: 106.58367 | J10: 109.5 | K10: 109.5 | L10: 109.5 | M10: 109.5 | N10: 109.5 | O10: 109.5 | P10: 109.5 | Q10: 109.5 | R10: 109.5 | S10: 109.5 | T10: 109.5 | U10: 109.5 | V10: 109.5 | W10: 109.5 | X10: 109.5 | Y10: 109.5 | Z10: 109.5 | AA10: 109.5
A11: 83.543573 | B11: 116.32302 | C11: 112.68333 | D11: 77.690556 | E11: 77.690556 | F11: 112.85575 | G11: 121.35 | H11: 119.12934 | I11: 112.93171 | J11: 106.58367 | K11: 119.1 | L11: 119.1 | M11: 119.1 | N11: 119.1 | O11: 119.1 | P11: 119.1 | Q11: 119.1 | R11: 119.1 | S11: 119.1 | T11: 119.1 | U11: 119.1 | V11: 119.1 | W11: 119.1 | X11: 119.1 | Y11: 119.1 | Z11: 119.1 | AA11: 119.1
A12: 115.11537 | B12: 119.69632 | C12: 118.41667 | D12: 81.66391 | E12: 87.716402 | F12: 115.49827 | G12: 116.82667 | H12: 121.35 | I12: 119.12934 | J12: 112.93171 | K12: 106.58367 | L12: 106.58367 | M12: 105.29623 | N12: 105.29623 | O12: 105.29623 | P12: 105.29623 | Q12: 105.29623 | R12: 105.29623 | S12: 105.29623 | T12: 105.29623 | U12: 105.29623 | V12: 105.29623 | W12: 105.29623 | X12: 105.29623 | Y12: 105.29623 | Z12: 105.29623 | AA12: 105.29623
... A841: 124.95595 | B841: 124.95595 | C841: 124.95595 | D841: 124.95595 | E841: 124.95595 | F841: 124.95595 | G841: 119 | H841: 119 | I841: 119 | J841: 119 | K841: 119 | L841: 119 | M841: 119 | N841: 119.57333 | O841: 119.57333 | P841: 119.57333 | Q841: 119.57333 | R841: 117.33333 | S841: 117.33333 | T841: 118.9 | U841: 118.9 | V841: 124.95595 | W841: 124.95595 | X841: 124.95595 | Y841: 124.95595 | Z841: 124.95595 | AA841: 124.95595

Sheet late
A1: 39.3453 | B1: 46.732219 | C1: 39.849253 | D1: 39.702217 | E1: 39.702217 | F1: 46.500408 | G1: 36.483333 | H1: 36.483333 | I1: 36.483333 | J1: 36.483333 | K1: 36.483333 | L1: 36.483333 | M1: 36.483333 | N1: 36.483333 | O1: 36.483333 | P1: 36.483333 | Q1: 36.483333 | R1: 36.483333 | S1: 36.483333 | T1: 36.483333 | U1: 36.483333 | V1: 36.483333 | W1: 36.483333 | X1: 36.483333 | Y1: 36.483333 | Z1: 36.483333 | AA1: 36.483333
A2: 33.016767 | B2: 36.092422 | C2: 40.392147 | D2: 39.849253 | E2: 39.849253 | F2: 39.702217 | G2: 46.537419 | H2: 46.537419 | I2: 46.537419 | J2: 46.537419 | K2: 46.537419 | L2: 46.537419 | M2: 46.537419 | N2: 46.537419 | O2: 46.537419 | P2: 46.537419 | Q2: 46.537419 | R2: 46.537419 | S2: 46.537419 | T2: 46.537419 | U2: 46.537419 | V2: 46.537419 | W2: 46.537419 | X2: 46.537419 | Y2: 46.537419 | Z2: 46.537419 | AA2: 46.537419
A3: 38.983333 | B3: 37.516667 | C3: 37.483333 | D3: 41.05 | E3: 41.05 | F3: 39.849253 | G3: 36.323831 | H3: 36.323831 | I3: 36.323831 | J3: 36.323831 | K3: 36.323831 | L3: 36.323831 | M3: 36.323831 | N3: 36.323831 | O3: 36.323831 | P3: 36.323831 | Q3: 36.323831 | R3: 36.323831 | S3: 36.323831 | T3: 36.323831 | U3: 36.323831 | V3: 36.323831 | W3: 36.323831 | X3: 36.323831 | Y3: 36.323831 | Z3: 36.323831 | AA3: 36.323831
A4: 19.934534 | B4: 39.3453 | C4: 46.732219 | D4: 41.358333 | E4: 41.358333 | F4: 41.192778 | G4: 39.775 | H4: 39.775 | I4: 39.775 | J4: 39.775 | K4: 39.775 | L4: 39.775 | M4: 39.775 | N4: 39.775 | O4: 39.775 | P4: 39.775 | Q4: 39.775 | R4: 39.775 | S4: 39.775 | T4: 39.775 | U4: 39.775 | V4: 39.775 | W4: 39.775 | X4: 39.775 | Y4: 39.775 | Z4: 39.775 | AA4: 39.775
A5: 38.822973 | B5: 32.75056 | C5: 45.375145 | D5: 40.392147 | E5: 43.846454 | F5: 41.05 | G5: 36.583333 | H5: 36.583333 | I5: 36.583333 | J5: 36.583333 | K5: 36.583333 | L5: 36.583333 | M5: 36.583333 | N5: 36.583333 | O5: 36.583333 | P5: 36.583333 | Q5: 36.583333 | R5: 36.583333 | S5: 36.583333 | T5: 36.583333 | U5: 36.583333 | V5: 36.583333 | W5: 36.583333 | X5: 36.583333 | Y5: 36.583333 | Z5: 36.583333 | AA5: 36.583333
A6: 39.166667 | B6: 33.016767 | C6: 36.092422 | D6: 37.483333 | E6: 40.392147 | F6: 41.358333 | G6: 31.666667 | H6: 31.666667 | I6: 31.666667 | J6: 31.666667 | K6: 31.666667 | L6: 31.666667 | M6: 31.666667 | N6: 31.666667 | O6: 31.666667 | P6: 31.666667 | Q6: 31.666667 | R6: 31.666667 | S6: 31.666667 | T6: 31.666667 | U6: 31.666667 | V6: 31.666667 | W6: 31.666667 | X6: 31.666667 | Y6: 31.666667 | Z6: 31.666667 | AA6: 31.666667
A7: 41.683726 | B7: 38.983333 | C7: 37.516667 | D7: 46.732219 | E7: 36.033564 | F7: 40.859709 | G7: 45.582691 | H7: 45.582691 | I7: 45.582691 | J7: 45.582691 | K7: 45.582691 | L7: 45.582691 | M7: 45.582691 | N7: 45.582691 | O7: 45.582691 | P7: 45.582691 | Q7: 45.582691 | R7: 45.582691 | S7: 45.582691 | T7: 45.582691 | U7: 45.582691 | V7: 45.582691 | W7: 45.582691 | X7: 45.582691 | Y7: 45.582691 | Z7: 45.582691 | AA7: 45.582691
A8: 39.401389 | B8: 19.934534 | C8: 36.7 | D8: 45.375145 | E8: 37.483333 | F8: 43.846454 | G8: 47.083333 | H8: 47.083333 | I8: 46.75 | J8: 46.75 | K8: 46.75 | L8: 46.75 | M8: 46.75 | N8: 46.75 | O8: 46.75 | P8: 46.75 | Q8: 46.75 | R8: 46.75 | S8: 46.75 | T8: 46.75 | U8: 46.75 | V8: 46.75 | W8: 46.75 | X8: 46.75 | Y8: 46.75 | Z8: 46.75 | AA8: 46.75
A9: 41.554273 | B9: 38.474493 | C9: 39.3453 | D9: 41.025 | E9: 46.732219 | F9: 40.392147 | G9: 45.531857 | H9: 45.531857 | I9: 47.083333 | J9: 47.083333 | K9: 47.083333 | L9: 47.083333 | M9: 47.083333 | N9: 47.083333 | O9: 47.083333 | P9: 47.083333 | Q9: 47.083333 | R9: 47.083333 | S9: 47.083333 | T9: 47.083333 | U9: 47.083333 | V9: 47.083333 | W9: 47.083333 | X9: 47.083333 | Y9: 47.083333 | Z9: 47.083333 | AA9: 47.083333
A10: 41.272117 | B10: 38.822973 | C10: 45.783333 | D10: 36.092422 | E10: 45.375145 | F10: 36.033564 | G10: 46.500408 | H10: 46.500408 | I10: 45.531857 | J10: 45.531857 | K10: 45.531857 | L10: 45.531857 | M10: 45.531857 | N10: 45.531857 | O10: 45.531857 | P10: 45.531857 | Q10: 45.531857 | R10: 45.531857 | S10: 45.531857 | T10: 45.531857 | U10: 45.531857 | V10: 45.531857 | W10: 45.531857 | X10: 45.531857 | Y10: 45.531857 | Z10: 45.531857 | AA10: 45.531857
A11: 21.7499 | B11: 39.175252 | C11: 32.75056 | D11: 37.516667 | E11: 41.025 | F11: 41.766667 | G11: 46.18917 | H11: 46.18917 | I11: 46.500408 | J11: 46.500408 | K11: 46.500408 | L11: 46.500408 | M11: 46.500408 | N11: 46.500408 | O11: 46.500408 | P11: 46.500408 | Q11: 46.500408 | R11: 46.500408 | S11: 46.500408 | T11: 46.500408 | U11: 46.500408 | V11: 46.500408 | W11: 46.500408 | X11: 46.500408 | Y11: 46.500408 | Z11: 46.500408 | AA11: 46.500408
A12: 20.731944 | B12: 39.166667 | C12: 33.016767 | D12: 36.7 | E12: 36.092422 | F12: 37.483333 | G12: 46.605806 | H12: 46.083333 | I12: 46.18917 | J12: 46.18917 | K12: 46.18917 | L12: 46.18917 | M12: 46.18917 | N12: 46.18917 | O12: 46.18917 | P12: 46.18917 | Q12: 46.18917 | R12: 46.18917 | S12: 46.18917 | T12: 46.18917 | U12: 46.18917 | V12: 46.18917 | W12: 46.18917 | X12: 46.18917 | Y12: 46.18917 | Z12: 46.18917 | AA12: 46.18917
... A841: 43.940376 | B841: 43.940376 | C841: 43.940376 | D841: 43.940376 | E841: 43.940376 | F841: 43.940376 | G841: 38.401988 | H841: 38.401988 | I841: 38.401988 | J841: 38.564167 | K841: 38.564167 | L841: 38.564167 | M841: 38.564167 | N841: 38.316667 | O841: 38.316667 | P841: 38.316667 | Q841: 38.316667 | R841: 38.345833 | S841: 38.345833 | T841: 38.345833 | U841: 38.345833 | V841: 43.940376 | W841: 43.940376 | X841: 43.940376 | Y841: 43.940376 | Z841: 43.940376 | AA841: 43.940376

Sheet lone
A1: 79.1669 | B1: 124.91178 | C1: 97.676238 | D1: 97.643608 | E1: 97.643608 | F1: 124.18433 | G1: 109.1 | H1: 109.1 | I1: 109.1 | J1: 109.1 | K1: 109.1 | L1: 109.1 | M1: 109.1 | N1: 109.1 | O1: 109.1 | P1: 109.1 | Q1: 109.1 | R1: 109.1 | S1: 109.1 | T1: 109.1 | U1: 109.1 | V1: 109.1 | W1: 109.1 | X1: 109.1 | Y1: 109.1 | Z1: 109.1 | AA1: 109.1
A2: 120.26739 | B2: 108.75993 | C2: 121.40082 | D2: 97.676238 | E2: 97.676238 | F2: 97.643608 | G2: 124.95595 | H2: 124.95595 | I2: 124.95595 | J2: 124.95595 | K2: 124.95595 | L2: 124.95595 | M2: 124.95595 | N2: 124.95595 | O2: 124.95595 | P2: 124.95595 | Q2: 124.95595 | R2: 124.95595 | S2: 124.95595 | T2: 124.95595 | U2: 124.95595 | V2: 124.95595 | W2: 124.95595 | X2: 124.95595 | Y2: 124.95595 | Z2: 124.95595 | AA2: 124.95595
A3: 118.96667 | B3: 107.11667 | C3: 118.55 | D3: 122.43333 | E3: 122.43333 | F3: 97.676238 | G3: 109.64978 | H3: 109.64978 | I3: 109.64978 | J3: 109.64978 | K3: 109.64978 | L3: 109.64978 | M3: 109.64978 | N3: 109.64978 | O3: 109.64978 | P3: 109.64978 | Q3: 109.64978 | R3: 109.64978 | S3: 109.64978 | T3: 109.64978 | U3: 109.64978 | V3: 109.64978 | W3: 109.64978 | X3: 109.64978 | Y3: 109.64978 | Z3: 109.64978 | AA3: 109.64978
A4: 109.89159 | B4: 79.1669 | C4: 124.91178 | D4: 122.80833 | E4: 122.80833 | F4: 122.19028 | G4: 97.55 | H4: 97.55 | I4: 97.55 | J4: 97.55 | K4: 97.55 | L4: 97.55 | M4: 97.55 | N4: 97.55 | O4: 97.55 | P4: 97.55 | Q4: 97.55 | R4: 97.55 | S4: 97.55 | T4: 97.55 | U4: 97.55 | V4: 97.55 | W4: 97.55 | X4: 97.55 | Y4: 97.55 | Z4: 97.55 | AA4: 97.55
A5: 116.15427 | B5: 120.23607 | C5: 124.43455 | D5: 121.40082 | E5: 121.2287 | F5: 122.43333 | G5: 110.03333 | H5: 110.03333 | I5: 110.03333 | J5: 110.03333 | K5: 110.03333 | L5: 110.03333 | M5: 110.03333 | N5: 110.03333 | O5: 110.03333 | P5: 110.03333 | Q5: 110.03333 | R5: 110.03333 | S5: 110.03333 | T5: 110.03333 | U5: 110.03333 | V5: 110.03333 | W5: 110.03333 | X5: 110.03333 | Y5: 110.03333 | Z5: 110.03333 | AA5: 110.03333
A6: 116.5 | B6: 120.26739 | C6: 108.75993 | D6: 118.55 | E6: 121.40082 | F6: 122.80833 | G6: 107.36667 | H6: 107.36667 | I6: 107.36667 | J6: 107.36667 | K6: 107.36667 | L6: 107.36667 | M6: 107.36667 | N6: 107.36667 | O6: 107.36667 | P6: 107.36667 | Q6: 107.36667 | R6: 107.36667 | S6: 107.36667 | T6: 107.36667 | U6: 107.36667 | V6: 107.36667 | W6: 107.36667 | X6: 107.36667 | Y6: 107.36667 | Z6: 107.36667 | AA6: 107.36667
A7: 106.50038 | B7: 118.96667 | C7: 107.11667 | D7: 124.91178 | E7: 109.80045 | F7: 121.60438 | G7: 125.97036 | H7: 125.97036 | I7: 125.97036 | J7: 125.97036 | K7: 125.97036 | L7: 125.97036 | M7: 125.97036 | N7: 125.97036 | O7: 125.97036 | P7: 125.97036 | Q7: 125.97036 | R7: 125.97036 | S7: 125.97036 | T7: 125.97036 | U7: 125.97036 | V7: 125.97036 | W7: 125.97036 | X7: 125.97036 | Y7: 125.97036 | Z7: 125.97036 | AA7: 125.97036
A8: 77.690556 | B8: 109.89159 | C8: 109.7 | D8: 124.43455 | E8: 118.55 | F8: 121.2287 | G8: 124.63333 | H8: 124.63333 | I8: 124.53333 | J8: 124.53333 | K8: 124.53333 | L8: 124.53333 | M8: 124.53333 | N8: 124.53333 | O8: 124.53333 | P8: 124.53333 | Q8: 124.53333 | R8: 124.53333 | S8: 124.53333 | T8: 124.53333 | U8: 124.53333 | V8: 124.53333 | W8: 124.53333 | X8: 124.53333 | Y8: 124.53333 | Z8: 124.53333 | AA8: 124.53333
A9: 83.543573 | B9: 115.99739 | C9: 79.1669 | D9: 121.76667 | E9: 124.91178 | F9: 121.40082 | G9: 125.05438 | H9: 125.05438 | I9: 124.63333 | J9: 124.63333 | K9: 124.63333 | L9: 124.63333 | M9: 124.63333 | N9: 124.63333 | O9: 124.63333 | P9: 124.63333 | Q9: 124.63333 | R9: 124.63333 | S9: 124.63333 | T9: 124.63333 | U9: 124.63333 | V9: 124.63333 | W9: 124.63333 | X9: 124.63333 | Y9: 124.63333 | Z9: 124.63333 | AA9: 124.63333
A10: 84.433751 | B10: 116.15427 | C10: 86.095833 | D10: 108.75993 | E10: 124.43455 | F10: 109.80045 | G10: 124.18433 | H10: 124.18433 | I10: 125.05438 | J10: 125.05438 | K10: 125.05438 | L10: 125.05438 | M10: 125.05438 | N10: 125.05438 | O10: 125.05438 | P10: 125.05438 | Q10: 125.05438 | R10: 125.05438 | S10: 125.05438 | T10: 125.05438 | U10: 125.05438 | V10: 125.05438 | W10: 125.05438 | X10: 125.05438 | Y10: 125.05438 | Z10: 125.05438 | AA10: 125.05438
A11: 116.0367 | B11: 116.32302 | C11: 120.23607 | D11: 107.11667 | E11: 121.76667 | F11: 84.45 | G11: 124.14472 | H11: 124.14472 | I11: 124.18433 | J11: 124.18433 | K11: 124.18433 | L11: 124.18433 | M11: 124.18433 | N11: 124.18433 | O11: 124.18433 | P11: 124.18433 | Q11: 124.18433 | R11: 124.18433 | S11: 124.18433 | T11: 124.18433 | U11: 124.18433 | V11: 124.18433 | W11: 124.18433 | X11: 124.18433 | Y11: 124.18433 | Z11: 124.18433 | AA11: 124.18433
A12: 114.58333 | B12: 116.5 | C12: 120.26739 | D12: 109.7 | E12: 108.75993 | F12: 118.55 | G12: 124.36811 | H12: 124.48333 | I12: 124.14472 | J12: 124.14472 | K12: 124.14472 | L12: 124.14472 | M12: 124.14472 | N12: 124.14472 | O12: 124.14472 | P12: 124.14472 | Q12: 124.14472 | R12: 124.14472 | S12: 124.14472 | T12: 124.14472 | U12: 124.14472 | V12: 124.14472 | W12: 124.14472 | X12: 124.14472 | Y12: 124.14472 | Z12: 124.14472 | AA12: 124.14472
... A841: 94.111728 | B841: 94.111728 | C841: 94.111728 | D841: 94.111728 | E841: 94.111728 | F841: 94.111728 | G841: 120.14296 | H841: 120.14296 | I841: 120.14296 | J841: 119.18528 | K841: 119.18528 | L841: 119.18528 | M841: 119.18528 | N841: 119.55 | O841: 119.55 | P841: 119.55 | Q841: 119.55 | R841: 90.866667 | S841: 90.866667 | T841: 90.866667 | U841: 90.866667 | V841: 94.111728 | W841: 94.111728 | X841: 94.111728 | Y841: 94.111728 | Z841: 94.111728 | AA841: 94.111728

Sheet labordiff
A3: =SUM(oillmo!A:A) -> 461015 | B3: =SUM(oillmo!B:B) -> 445860 | C3: =SUM(oillmo!C:C) -> 408263 | D3: =SUM(oillmo!D:D) -> 392895 | E3: =SUM(oillmo!E:E) -> 387464 | F3: =SUM(oillmo!F:F) -> 375611 | G3: =SUM(oillmo!G:G) -> 36689 | H3: =SUM(oillmo!H:H) -> 28115 | I3: =SUM(oillmo!I:I) -> 24896 | J3: =SUM(oillmo!J:J) -> 21656 | K3: =SUM(oillmo!K:K) -> 18024 | L3: =SUM(oillmo!L:L) -> 8017 | M3: =SUM(oillmo!M:M) -> 3278 | N3: =SUM(oillmo!N:N) -> 636 | O3: =SUM(oillmo!O:O) -> 616 | P3: =SUM(oillmo!P:P) -> 616 | Q3: =SUM(oillmo!Q:Q) -> 607 | R3: =SUM(oillmo!R:R) -> 476 | S3: =SUM(oillmo!S:S) -> 476 | T3: =SUM(oillmo!T:T) -> 384 | U3: =SUM(oillmo!U:U) -> 353 | V3: =SUM(oillmo!V:V) -> 0 | W3: =SUM(oillmo!W:W) -> 0 | X3: =SUM(oillmo!X:X) -> 0 | Y3: =SUM(oillmo!Y:Y) -> 0 | Z3: =SUM(oillmo!Z:Z) -> 0 | AA3: =SUM(oillmo!AA:AA) -> 0
A4: =SUM(oillme!A:A) -> 461015 | B4: =SUM(oillme!B:B) -> 445860 | C4: =SUM(oillme!C:C) -> 408263 | D4: =SUM(oillme!D:D) -> 392895 | E4: =SUM(oillme!E:E) -> 387464 | F4: =SUM(oillme!F:F) -> 375611 | G4: =SUM(oillme!G:G) -> 36689 | H4: =SUM(oillme!H:H) -> 28115 | I4: =SUM(oillme!I:I) -> 24896 | J4: =SUM(oillme!J:J) -> 21656 | K4: =SUM(oillme!K:K) -> 18024 | L4: =SUM(oillme!L:L) -> 8017 | M4: =SUM(oillme!M:M) -> 3278 | N4: =SUM(oillme!N:N) -> 636 | O4: =SUM(oillme!O:O) -> 616 | P4: =SUM(oillme!P:P) -> 616 | Q4: =SUM(oillme!Q:Q) -> 607 | R4: =SUM(oillme!R:R) -> 476 | S4: =SUM(oillme!S:S) -> 476 | T4: =SUM(oillme!T:T) -> 384 | U4: =SUM(oillme!U:U) -> 353 | V4: =SUM(oillme!V:V) -> 0 | W4: =SUM(oillme!W:W) -> 0 | X4: =SUM(oillme!X:X) -> 0 | Y4: =SUM(oillme!Y:Y) -> 0 | Z4: =SUM(oillme!Z:Z) -> 0 | AA4: =SUM(oillme!AA:AA) -> 0
A5: =SUM(oillmo!A:A)/1000 -> 461.015 | B5: =SUM(oillmo!B:B)/1000 -> 445.86 | C5: =SUM(oillmo!C:C)/1000 -> 408.263 | D5: =SUM(oillmo!D:D)/1000 -> 392.895 | E5: =SUM(oillmo!E:E)/1000 -> 387.464 | F5: =SUM(oillmo!F:F)/1000 -> 375.611 | G5: =SUM(oillmo!G:G)/1000 -> 36.689 | H5: =SUM(oillmo!H:H)/1000 -> 28.115 | I5: =SUM(oillmo!I:I)/1000 -> 24.896 | J5: =SUM(oillmo!J:J)/1000 -> 21.656 | K5: =SUM(oillmo!K:K)/1000 -> 18.024 | L5: =SUM(oillmo!L:L)/1000 -> 8.017 | M5: =SUM(oillmo!M:M)/1000 -> 3.278 | N5: =SUM(oillmo!N:N)/1000 -> 0.636 | O5: =SUM(oillmo!O:O)/1000 -> 0.616 | P5: =SUM(oillmo!P:P)/1000 -> 0.616 | Q5: =SUM(oillmo!Q:Q)/1000 -> 0.607 | R5: =SUM(oillmo!R:R)/1000 -> 0.476 | S5: =SUM(oillmo!S:S)/1000 -> 0.476 | T5: =SUM(oillmo!T:T)/1000 -> 0.384 | U5: =SUM(oillmo!U:U)/1000 -> 0.353 | V5: =SUM(oillmo!V:V)/1000 -> 0 | W5: =SUM(oillmo!W:W)/1000 -> 0 | X5: =SUM(oillmo!X:X)/1000 -> 0 | Y5: =SUM(oillmo!Y:Y)/1000 -> 0 | Z5: =SUM(oillmo!Z:Z)/1000 -> 0 | AA5: =SUM(oillmo!AA:AA)/1000 -> 0
A6: =SUM(oillme!A:A)/1000 -> 461.015 | B6: =SUM(oillme!B:B)/1000 -> 445.86 | C6: =SUM(oillme!C:C)/1000 -> 408.263 | D6: =SUM(oillme!D:D)/1000 -> 392.895 | E6: =SUM(oillme!E:E)/1000 -> 387.464 | F6: =SUM(oillme!F:F)/1000 -> 375.611 | G6: =SUM(oillme!G:G)/1000 -> 36.689 | H6: =SUM(oillme!H:H)/1000 -> 28.115 | I6: =SUM(oillme!I:I)/1000 -> 24.896 | J6: =SUM(oillme!J:J)/1000 -> 21.656 | K6: =SUM(oillme!K:K)/1000 -> 18.024 | L6: =SUM(oillme!L:L)/1000 -> 8.017 | M6: =SUM(oillme!M:M)/1000 -> 3.278 | N6: =SUM(oillme!N:N)/1000 -> 0.636 | O6: =SUM(oillme!O:O)/1000 -> 0.616 | P6: =SUM(oillme!P:P)/1000 -> 0.616 | Q6: =SUM(oillme!Q:Q)/1000 -> 0.607 | R6: =SUM(oillme!R:R)/1000 -> 0.476 | S6: =SUM(oillme!S:S)/1000 -> 0.476 | T6: =SUM(oillme!T:T)/1000 -> 0.384 | U6: =SUM(oillme!U:U)/1000 -> 0.353 | V6: =SUM(oillme!V:V)/1000 -> 0 | W6: =SUM(oillme!W:W)/1000 -> 0 | X6: =SUM(oillme!X:X)/1000 -> 0 | Y6: =SUM(oillme!Y:Y)/1000 -> 0 | Z6: =SUM(oillme!Z:Z)/1000 -> 0 | AA6: =SUM(oillme!AA:AA)/1000 -> 0

Sheet costdiff
A5: =SUM(oilpfmo!A:A)/1000 -> 254.48384 | B5: =SUM(oilpfmo!B:B)/1000 -> 243.03574 | C5: =SUM(oilpfmo!C:C)/1000 -> 222.64433 | D5: =SUM(oilpfmo!D:D)/1000 -> 207.76271 | E5: =SUM(oilpfmo!E:E)/1000 -> 197.82216 | F5: =SUM(oilpfmo!F:F)/1000 -> 191.06168 | G5: =SUM(oilpfmo!G:G)/1000 -> 38.029745 | H5: =SUM(oilpfmo!H:H)/1000 -> 26.889154 | I5: =SUM(oilpfmo!I:I)/1000 -> 26.941573 | J5: =SUM(oilpfmo!J:J)/1000 -> 21.831812 | K5: =SUM(oilpfmo!K:K)/1000 -> 20.88952 | L5: =SUM(oilpfmo!L:L)/1000 -> 11.881019 | M5: =SUM(oilpfmo!M:M)/1000 -> 8.9562443 | N5: =SUM(oilpfmo!N:N)/1000 -> 0.34339868 | O5: =SUM(oilpfmo!O:O)/1000 -> 0.34386212 | P5: =SUM(oilpfmo!P:P)/1000 -> 0.35818906 | Q5: =SUM(oilpfmo!Q:Q)/1000 -> 0.34962956 | R5: =SUM(oilpfmo!R:R)/1000 -> 0.17935823 | S5: =SUM(oilpfmo!S:S)/1000 -> 0.18643023 | T5: =SUM(oilpfmo!T:T)/1000 -> 0.096188807 | U5: =SUM(oilpfmo!U:U)/1000 -> 0.087975777 | V5: =SUM(oilpfmo!V:V)/1000 -> 0 | W5: =SUM(oilpfmo!W:W)/1000 -> 0 | X5: =SUM(oilpfmo!X:X)/1000 -> 0 | Y5: =SUM(oilpfmo!Y:Y)/1000 -> 0 | Z5: =SUM(oilpfmo!Z:Z)/1000 -> 0 | AA5: =SUM(oilpfmo!AA:AA)/1000 -> 0
A6: =SUM(oilpfme!A:A)/1000 -> 254.48384 | B6: =SUM(oilpfme!B:B)/1000 -> 243.03574 | C6: =SUM(oilpfme!C:C)/1000 -> 222.64433 | D6: =SUM(oilpfme!D:D)/1000 -> 207.76271 | E6: =SUM(oilpfme!E:E)/1000 -> 197.82216 | F6: =SUM(oilpfme!F:F)/1000 -> 191.06168 | G6: =SUM(oilpfme!G:G)/1000 -> 38.029745 | H6: =SUM(oilpfme!H:H)/1000 -> 26.889154 | I6: =SUM(oilpfme!I:I)/1000 -> 26.941573 | J6: =SUM(oilpfme!J:J)/1000 -> 21.831812 | K6: =SUM(oilpfme!K:K)/1000 -> 20.88952 | L6: =SUM(oilpfme!L:L)/1000 -> 11.881019 | M6: =SUM(oilpfme!M:M)/1000 -> 8.9562443 | N6: =SUM(oilpfme!N:N)/1000 -> 0.34339868 | O6: =SUM(oilpfme!O:O)/1000 -> 0.34386212 | P6: =SUM(oilpfme!P:P)/1000 -> 0.35818906 | Q6: =SUM(oilpfme!Q:Q)/1000 -> 0.34962956 | R6: =SUM(oilpfme!R:R)/1000 -> 0.17935823 | S6: =SUM(oilpfme!S:S)/1000 -> 0.18643023 | T6: =SUM(oilpfme!T:T)/1000 -> 0.096188807 | U6: =SUM(oilpfme!U:U)/1000 -> 0.087975777 | V6: =SUM(oilpfme!V:V)/1000 -> 0 | W6: =SUM(oilpfme!W:W)/1000 -> 0 | X6: =SUM(oilpfme!X:X)/1000 -> 0 | Y6: =SUM(oilpfme!Y:Y)/1000 -> 0 | Z6: =SUM(oilpfme!Z:Z)/1000 -> 0 | AA6: =SUM(oilpfme!AA:AA)/1000 -> 0
