Workbook

Sheet readme
A1: Sheet | B1: Definition
A2: gasomo | B2: infrastructure-level output during 2024-2050 under current strategy
A3: gasome | B3: infrastructure-level output during 2024-2050 under optimised strategy
A4: gasemo | B4: infrastructure-level emission during 2024-2050 under current strategy
A5: gaseme | B5: infrastructure-level emission during 2024-2050 under optimised strategy
A6: gaslmo | B6: infrastructure-level employment during 2024-2050 under current strategy
A7: gaslme | B7: infrastructure-level employment during 2024-2050 under optimised strategy
A8: gaspfmo | B8: infrastructure-level emission-related environmental cost during 2030-2050 under current strategy
A9: gaspfme | B9: infrastructure-level emission-related environmental cost during 2030-2050 under optimised strategy
A10: lato | B10: infrastructure-level latitude during 2024-2050 under current strategy
A11: lono | B11: infrastructure-level longitude during 2024-2050 under current strategy
A12: late | B12: infrastructure-level latitude during 2024-2050 under optimised strategy
... A15: costdiff | B15: emission-related environmental cost difference between the current strategy and optimised strategy

Sheet gasomo
A1: 0 | B1: 0 | C1: 0 | D1: 0 | E1: 0 | F1: 0 | G1: 0 | H1: 0 | I1: 0 | J1: 0 | K1: 0 | L1: 0 | M1: 0 | N1: 0 | O1: 0 | P1: 0 | Q1: 0 | R1: 0 | S1: 0 | T1: 0 | U1: 0 | V1: 0 | W1: 0 | X1: 0 | Y1: 0 | Z1: 0 | AA1: 0
A2: 0 | B2: 0 | C2: 0 | D2: 0 | E2: 0 | F2: 0 | G2: 0 | H2: 0 | I2: 0 | J2: 0 | K2: 0 | L2: 0 | M2: 0 | N2: 0 | O2: 0 | P2: 0 | Q2: 0 | R2: 0 | S2: 0 | T2: 0 | U2: 0 | V2: 0 | W2: 0 | X2: 0 | Y2: 0 | Z2: 0 | AA2: 0
A3: 0 | B3: 0 | C3: 0 | D3: 0 | E3: 0 | F3: 0 | G3: 0 | H3: 0 | I3: 0 | J3: 0 | K3: 0 | L3: 0 | M3: 0 | N3: 0 | O3: 0 | P3: 0 | Q3: 0 | R3: 0 | S3: 0 | T3: 0 | U3: 0 | V3: 0 | W3: 0 | X3: 0 | Y3: 0 | Z3: 0 | AA3: 0
A4: 0 | B4: 0 | C4: 0 | D4: 0 | E4: 0 | F4: 0 | G4: 0 | H4: 0 | I4: 0 | J4: 0 | K4: 0 | L4: 0 | M4: 0 | N4: 0 | O4: 0 | P4: 0 | Q4: 0 | R4: 0 | S4: 0 | T4: 0 | U4: 0 | V4: 0 | W4: 0 | X4: 0 | Y4: 0 | Z4: 0 | AA4: 0
A5: 0 | B5: 0 | C5: 0 | D5: 0 | E5: 0 | F5: 0 | G5: 0 | H5: 0 | I5: 0 | J5: 0 | K5: 0 | L5: 0 | M5: 0 | N5: 0 | O5: 0 | P5: 0 | Q5: 0 | R5: 0 | S5: 0 | T5: 0 | U5: 0 | V5: 0 | W5: 0 | X5: 0 | Y5: 0 | Z5: 0 | AA5: 0
A6: 0 | B6: 0 | C6: 0 | D6: 0 | E6: 0 | F6: 0 | G6: 0 | H6: 0 | I6: 0 | J6: 0 | K6: 0 | L6: 0 | M6: 0 | N6: 0 | O6: 0 | P6: 0 | Q6: 0 | R6: 0 | S6: 0 | T6: 0 | U6: 0 | V6: 0 | W6: 0 | X6: 0 | Y6: 0 | Z6: 0 | AA6: 0
A7: 0 | B7: 0 | C7: 0 | D7: 0 | E7: 0 | F7: 0 | G7: 0 | H7: 0 | I7: 0 | J7: 0 | K7: 0 | L7: 0 | M7: 0 | N7: 0 | O7: 0 | P7: 0 | Q7: 0 | R7: 0 | S7: 0 | T7: 0 | U7: 0 | V7: 0 | W7: 0 | X7: 0 | Y7: 0 | Z7: 0 | AA7: 0
A8: 0 | B8: 0 | C8: 0 | D8: 0 | E8: 0 | F8: 0 | G8: 0 | H8: 0 | I8: 0 | J8: 0 | K8: 0 | L8: 0 | M8: 0 | N8: 0 | O8: 0 | P8: 0 | Q8: 0 | R8: 0 | S8: 0 | T8: 0 | U8: 0 | V8: 0 | W8: 0 | X8: 0 | Y8: 0 | Z8: 0 | AA8: 0
A9: 0 | B9: 0 | C9: 0 | D9: 0 | E9: 0 | F9: 0 | G9: 0 | H9: 0 | I9: 0 | J9: 0 | K9: 0 | L9: 0 | M9: 0 | N9: 0 | O9: 0 | P9: 0 | Q9: 0 | R9: 0 | S9: 0 | T9: 0 | U9: 0 | V9: 0 | W9: 0 | X9: 0 | Y9: 0 | Z9: 0 | AA9: 0
A10: 0 | B10: 0 | C10: 0 | D10: 0 | E10: 0 | F10: 0 | G10: 0 | H10: 0 | I10: 0 | J10: 0 | K10: 0 | L10: 0 | M10: 0 | N10: 0 | O10: 0 | P10: 0 | Q10: 0 | R10: 0 | S10: 0 | T10: 0 | U10: 0 | V10: 0 | W10: 0 | X10: 0 | Y10: 0 | Z10: 0 | AA10: 0
A11: 0 | B11: 0 | C11: 0 | D11: 0 | E11: 0 | F11: 0 | G11: 0 | H11: 0 | I11: 0 | J11: 0 | K11: 0 | L11: 0 | M11: 0 | N11: 0 | O11: 0 | P11: 0 | Q11: 0 | R11: 0 | S11: 0 | T11: 0 | U11: 0 | V11: 0 | W11: 0 | X11: 0 | Y11: 0 | Z11: 0 | AA11: 0
A12: 0 | B12: 0 | C12: 0 | D12: 0 | E12: 0 | F12: 0 | G12: 0 | H12: 0 | I12: 0 | J12: 0 | K12: 0 | L12: 0 | M12: 0 | N12: 0 | O12: 0 | P12: 0 | Q12: 0 | R12: 0 | S12: 0 | T12: 0 | U12: 0 | V12: 0 | W12: 0 | X12: 0 | Y12: 0 | Z12: 0 | AA12: 0
... A587: 30.034744 | B587: 30.034744 | C587: 30.034744 | D587: 30.034744 | E587: 30.034744 | F587: 30.034744 | G587: 30.034744 | H587: 30.034744 | I587: 30.034744 | J587: 30.034744 | K587: 30.034744 | L587: 30.034744 | M587: 30.034744 | N587: 30.034744 | O587: 30.034744 | P587: 30.034744 | Q587: 30.034744 | R587: 30.034744 | S587: 30.034744 | T587: 30.034744 | U587: 30.034744 | V587: 30.034744 | W587: 30.034744 | X587: 30.034744 | Y587: 30.034744 | Z587: 30.034744 | AA587: 5.9949588

Sheet gasome
A1: 0 | B1: 0 | C1: 0 | D1: 0 | E1: 0 | F1: 0 | G1: 0 | H1: 0 | I1: 0 | J1: 0 | K1: 0 | L1: 0 | M1: 0 | N1: 0 | O1: 0 | P1: 0 | Q1: 0 | R1: 0 | S1: 0 | T1: 0 | U1: 0 | V1: 0 | W1: 0 | X1: 0 | Y1: 0 | Z1: 0 | AA1: 0
A2: 0 | B2: 0 | C2: 0 | D2: 0 | E2: 0 | F2: 0 | G2: 0 | H2: 0 | I2: 0 | J2: 0 | K2: 0 | L2: 0 | M2: 0 | N2: 0 | O2: 0 | P2: 0 | Q2: 0 | R2: 0 | S2: 0 | T2: 0 | U2: 0 | V2: 0 | W2: 0 | X2: 0 | Y2: 0 | Z2: 0 | AA2: 0
A3: 0 | B3: 0 | C3: 0 | D3: 0 | E3: 0 | F3: 0 | G3: 0 | H3: 0 | I3: 0 | J3: 0 | K3: 0 | L3: 0 | M3: 0 | N3: 0 | O3: 0 | P3: 0 | Q3: 0 | R3: 0 | S3: 0 | T3: 0 | U3: 0 | V3: 0 | W3: 0 | X3: 0 | Y3: 0 | Z3: 0 | AA3: 0
A4: 0 | B4: 0 | C4: 0 | D4: 0 | E4: 0 | F4: 0 | G4: 0 | H4: 0 | I4: 0 | J4: 0 | K4: 0 | L4: 0 | M4: 0 | N4: 0 | O4: 0 | P4: 0 | Q4: 0 | R4: 0 | S4: 0 | T4: 0 | U4: 0 | V4: 0 | W4: 0 | X4: 0 | Y4: 0 | Z4: 0 | AA4: 0
A5: 0 | B5: 0 | C5: 0 | D5: 0 | E5: 0 | F5: 0 | G5: 0 | H5: 0 | I5: 0 | J5: 0 | K5: 0 | L5: 0 | M5: 0 | N5: 0 | O5: 0 | P5: 0 | Q5: 0 | R5: 0 | S5: 0 | T5: 0 | U5: 0 | V5: 0 | W5: 0 | X5: 0 | Y5: 0 | Z5: 0 | AA5: 0
A6: 0 | B6: 0 | C6: 0 | D6: 0 | E6: 0 | F6: 0 | G6: 0 | H6: 0 | I6: 0 | J6: 0 | K6: 0 | L6: 0 | M6: 0 | N6: 0 | O6: 0 | P6: 0 | Q6: 0 | R6: 0 | S6: 0 | T6: 0 | U6: 0 | V6: 0 | W6: 0 | X6: 0 | Y6: 0 | Z6: 0 | AA6: 0
A7: 0 | B7: 0 | C7: 0 | D7: 0 | E7: 0 | F7: 0 | G7: 0 | H7: 0 | I7: 0 | J7: 0 | K7: 0 | L7: 0 | M7: 0 | N7: 0 | O7: 0 | P7: 0 | Q7: 0 | R7: 0 | S7: 0 | T7: 0 | U7: 0 | V7: 0 | W7: 0 | X7: 0 | Y7: 0 | Z7: 0 | AA7: 0
A8: 0 | B8: 0 | C8: 0 | D8: 0 | E8: 0 | F8: 0 | G8: 0 | H8: 0 | I8: 0 | J8: 0 | K8: 0 | L8: 0 | M8: 0 | N8: 0 | O8: 0 | P8: 0 | Q8: 0 | R8: 0 | S8: 0 | T8: 0 | U8: 0 | V8: 0 | W8: 0 | X8: 0 | Y8: 0 | Z8: 0 | AA8: 0
A9: 0 | B9: 0 | C9: 0 | D9: 0 | E9: 0 | F9: 0 | G9: 0 | H9: 0 | I9: 0 | J9: 0 | K9: 0 | L9: 0 | M9: 0 | N9: 0 | O9: 0 | P9: 0 | Q9: 0 | R9: 0 | S9: 0 | T9: 0 | U9: 0 | V9: 0 | W9: 0 | X9: 0 | Y9: 0 | Z9: 0 | AA9: 0
A10: 0 | B10: 0 | C10: 0 | D10: 0 | E10: 0 | F10: 0 | G10: 0 | H10: 0 | I10: 0 | J10: 0 | K10: 0 | L10: 0 | M10: 0 | N10: 0 | O10: 0 | P10: 0 | Q10: 0 | R10: 0 | S10: 0 | T10: 0 | U10: 0 | V10: 0 | W10: 0 | X10: 0 | Y10: 0 | Z10: 0 | AA10: 0
A11: 0 | B11: 0 | C11: 0 | D11: 0 | E11: 0 | F11: 0 | G11: 0 | H11: 0 | I11: 0 | J11: 0 | K11: 0 | L11: 0 | M11: 0 | N11: 0 | O11: 0 | P11: 0 | Q11: 0 | R11: 0 | S11: 0 | T11: 0 | U11: 0 | V11: 0 | W11: 0 | X11: 0 | Y11: 0 | Z11: 0 | AA11: 0
A12: 0 | B12: 0 | C12: 0 | D12: 0 | E12: 0 | F12: 0 | G12: 0 | H12: 0 | I12: 0 | J12: 0 | K12: 0 | L12: 0 | M12: 0 | N12: 0 | O12: 0 | P12: 0 | Q12: 0 | R12: 0 | S12: 0 | T12: 0 | U12: 0 | V12: 0 | W12: 0 | X12: 0 | Y12: 0 | Z12: 0 | AA12: 0
... A587: 1.6881e-05 | B587: 1.6881e-05 | C587: 1.6881e-05 | D587: 1.6881e-05 | E587: 1.6881e-05 | F587: 1.6881e-05 | G587: 1.6881e-05 | H587: 1.6881e-05 | I587: 1.6881e-05 | J587: 1.6881e-05 | K587: 1.6881e-05 | L587: 1.6881e-05 | M587: 1.6881e-05 | N587: 1.6881e-05 | O587: 1.6881e-05 | P587: 1.6881e-05 | Q587: 1.6881e-05 | R587: 1.6881e-05 | S587: 1.6881e-05 | T587: 1.6881e-05 | U587: 1.6881e-05 | V587: 1.6881e-05 | W587: 1.6881e-05 | X587: 1.6881e-05 | Y587: 1.6881e-05 | Z587: 1.6881e-05 | AA587: 1.6881e-05

Sheet gasemo
A1: 0 | B1: 0 | C1: 0 | D1: 0 | E1: 0 | F1: 0 | G1: 0 | H1: 0 | I1: 0 | J1: 0 | K1: 0 | L1: 0 | M1: 0 | N1: 0 | O1: 0 | P1: 0 | Q1: 0 | R1: 0 | S1: 0 | T1: 0 | U1: 0 | V1: 0 | W1: 0 | X1: 0 | Y1: 0 | Z1: 0 | AA1: 0
A2: 0 | B2: 0 | C2: 0 | D2: 0 | E2: 0 | F2: 0 | G2: 0 | H2: 0 | I2: 0 | J2: 0 | K2: 0 | L2: 0 | M2: 0 | N2: 0 | O2: 0 | P2: 0 | Q2: 0 | R2: 0 | S2: 0 | T2: 0 | U2: 0 | V2: 0 | W2: 0 | X2: 0 | Y2: 0 | Z2: 0 | AA2: 0
A3: 0 | B3: 0 | C3: 0 | D3: 0 | E3: 0 | F3: 0 | G3: 0 | H3: 0 | I3: 0 | J3: 0 | K3: 0 | L3: 0 | M3: 0 | N3: 0 | O3: 0 | P3: 0 | Q3: 0 | R3: 0 | S3: 0 | T3: 0 | U3: 0 | V3: 0 | W3: 0 | X3: 0 | Y3: 0 | Z3: 0 | AA3: 0
A4: 0 | B4: 0 | C4: 0 | D4: 0 | E4: 0 | F4: 0 | G4: 0 | H4: 0 | I4: 0 | J4: 0 | K4: 0 | L4: 0 | M4: 0 | N4: 0 | O4: 0 | P4: 0 | Q4: 0 | R4: 0 | S4: 0 | T4: 0 | U4: 0 | V4: 0 | W4: 0 | X4: 0 | Y4: 0 | Z4: 0 | AA4: 0
A5: 0 | B5: 0 | C5: 0 | D5: 0 | E5: 0 | F5: 0 | G5: 0 | H5: 0 | I5: 0 | J5: 0 | K5: 0 | L5: 0 | M5: 0 | N5: 0 | O5: 0 | P5: 0 | Q5: 0 | R5: 0 | S5: 0 | T5: 0 | U5: 0 | V5: 0 | W5: 0 | X5: 0 | Y5: 0 | Z5: 0 | AA5: 0
A6: 0 | B6: 0 | C6: 0 | D6: 0 | E6: 0 | F6: 0 | G6: 0 | H6: 0 | I6: 0 | J6: 0 | K6: 0 | L6: 0 | M6: 0 | N6: 0 | O6: 0 | P6: 0 | Q6: 0 | R6: 0 | S6: 0 | T6: 0 | U6: 0 | V6: 0 | W6: 0 | X6: 0 | Y6: 0 | Z6: 0 | AA6: 0
A7: 0 | B7: 0 | C7: 0 | D7: 0 | E7: 0 | F7: 0 | G7: 0 | H7: 0 | I7: 0 | J7: 0 | K7: 0 | L7: 0 | M7: 0 | N7: 0 | O7: 0 | P7: 0 | Q7: 0 | R7: 0 | S7: 0 | T7: 0 | U7: 0 | V7: 0 | W7: 0 | X7: 0 | Y7: 0 | Z7: 0 | AA7: 0
A8: 0 | B8: 0 | C8: 0 | D8: 0 | E8: 0 | F8: 0 | G8: 0 | H8: 0 | I8: 0 | J8: 0 | K8: 0 | L8: 0 | M8: 0 | N8: 0 | O8: 0 | P8: 0 | Q8: 0 | R8: 0 | S8: 0 | T8: 0 | U8: 0 | V8: 0 | W8: 0 | X8: 0 | Y8: 0 | Z8: 0 | AA8: 0
A9: 0 | B9: 0 | C9: 0 | D9: 0 | E9: 0 | F9: 0 | G9: 0 | H9: 0 | I9: 0 | J9: 0 | K9: 0 | L9: 0 | M9: 0 | N9: 0 | O9: 0 | P9: 0 | Q9: 0 | R9: 0 | S9: 0 | T9: 0 | U9: 0 | V9: 0 | W9: 0 | X9: 0 | Y9: 0 | Z9: 0 | AA9: 0
A10: 0 | B10: 0 | C10: 0 | D10: 0 | E10: 0 | F10: 0 | G10: 0 | H10: 0 | I10: 0 | J10: 0 | K10: 0 | L10: 0 | M10: 0 | N10: 0 | O10: 0 | P10: 0 | Q10: 0 | R10: 0 | S10: 0 | T10: 0 | U10: 0 | V10: 0 | W10: 0 | X10: 0 | Y10: 0 | Z10: 0 | AA10: 0
A11: 0 | B11: 0 | C11: 0 | D11: 0 | E11: 0 | F11: 0 | G11: 0 | H11: 0 | I11: 0 | J11: 0 | K11: 0 | L11: 0 | M11: 0 | N11: 0 | O11: 0 | P11: 0 | Q11: 0 | R11: 0 | S11: 0 | T11: 0 | U11: 0 | V11: 0 | W11: 0 | X11: 0 | Y11: 0 | Z11: 0 | AA11: 0
A12: 0 | B12: 0 | C12: 0 | D12: 0 | E12: 0 | F12: 0 | G12: 0 | H12: 0 | I12: 0 | J12: 0 | K12: 0 | L12: 0 | M12: 0 | N12: 0 | O12: 0 | P12: 0 | Q12: 0 | R12: 0 | S12: 0 | T12: 0 | U12: 0 | V12: 0 | W12: 0 | X12: 0 | Y12: 0 | Z12: 0 | AA12: 0
... A587: 80.628001 | B587: 80.628001 | C587: 80.628001 | D587: 80.628001 | E587: 80.628001 | F587: 80.628001 | G587: 80.628001 | H587: 80.628001 | I587: 80.628001 | J587: 80.628001 | K587: 80.628001 | L587: 80.628001 | M587: 80.628001 | N587: 80.628001 | O587: 80.628001 | P587: 80.628001 | Q587: 80.628001 | R587: 80.628001 | S587: 80.628001 | T587: 80.628001 | U587: 80.628001 | V587: 80.628001 | W587: 80.628001 | X587: 80.628001 | Y587: 80.628001 | Z587: 80.628001 | AA587: 13.446776

Sheet gaseme
A1: 0 | B1: 0 | C1: 0 | D1: 0 | E1: 0 | F1: 0 | G1: 0 | H1: 0 | I1: 0 | J1: 0 | K1: 0 | L1: 0 | M1: 0 | N1: 0 | O1: 0 | P1: 0 | Q1: 0 | R1: 0 | S1: 0 | T1: 0 | U1: 0 | V1: 0 | W1: 0 | X1: 0 | Y1: 0 | Z1: 0 | AA1: 0
A2: 0 | B2: 0 | C2: 0 | D2: 0 | E2: 0 | F2: 0 | G2: 0 | H2: 0 | I2: 0 | J2: 0 | K2: 0 | L2: 0 | M2: 0 | N2: 0 | O2: 0 | P2: 0 | Q2: 0 | R2: 0 | S2: 0 | T2: 0 | U2: 0 | V2: 0 | W2: 0 | X2: 0 | Y2: 0 | Z2: 0 | AA2: 0
A3: 0 | B3: 0 | C3: 0 | D3: 0 | E3: 0 | F3: 0 | G3: 0 | H3: 0 | I3: 0 | J3: 0 | K3: 0 | L3: 0 | M3: 0 | N3: 0 | O3: 0 | P3: 0 | Q3: 0 | R3: 0 | S3: 0 | T3: 0 | U3: 0 | V3: 0 | W3: 0 | X3: 0 | Y3: 0 | Z3: 0 | AA3: 0
A4: 0 | B4: 0 | C4: 0 | D4: 0 | E4: 0 | F4: 0 | G4: 0 | H4: 0 | I4: 0 | J4: 0 | K4: 0 | L4: 0 | M4: 0 | N4: 0 | O4: 0 | P4: 0 | Q4: 0 | R4: 0 | S4: 0 | T4: 0 | U4: 0 | V4: 0 | W4: 0 | X4: 0 | Y4: 0 | Z4: 0 | AA4: 0
A5: 0 | B5: 0 | C5: 0 | D5: 0 | E5: 0 | F5: 0 | G5: 0 | H5: 0 | I5: 0 | J5: 0 | K5: 0 | L5: 0 | M5: 0 | N5: 0 | O5: 0 | P5: 0 | Q5: 0 | R5: 0 | S5: 0 | T5: 0 | U5: 0 | V5: 0 | W5: 0 | X5: 0 | Y5: 0 | Z5: 0 | AA5: 0
A6: 0 | B6: 0 | C6: 0 | D6: 0 | E6: 0 | F6: 0 | G6: 0 | H6: 0 | I6: 0 | J6: 0 | K6: 0 | L6: 0 | M6: 0 | N6: 0 | O6: 0 | P6: 0 | Q6: 0 | R6: 0 | S6: 0 | T6: 0 | U6: 0 | V6: 0 | W6: 0 | X6: 0 | Y6: 0 | Z6: 0 | AA6: 0
A7: 0 | B7: 0 | C7: 0 | D7: 0 | E7: 0 | F7: 0 | G7: 0 | H7: 0 | I7: 0 | J7: 0 | K7: 0 | L7: 0 | M7: 0 | N7: 0 | O7: 0 | P7: 0 | Q7: 0 | R7: 0 | S7: 0 | T7: 0 | U7: 0 | V7: 0 | W7: 0 | X7: 0 | Y7: 0 | Z7: 0 | AA7: 0
A8: 0 | B8: 0 | C8: 0 | D8: 0 | E8: 0 | F8: 0 | G8: 0 | H8: 0 | I8: 0 | J8: 0 | K8: 0 | L8: 0 | M8: 0 | N8: 0 | O8: 0 | P8: 0 | Q8: 0 | R8: 0 | S8: 0 | T8: 0 | U8: 0 | V8: 0 | W8: 0 | X8: 0 | Y8: 0 | Z8: 0 | AA8: 0
A9: 0 | B9: 0 | C9: 0 | D9: 0 | E9: 0 | F9: 0 | G9: 0 | H9: 0 | I9: 0 | J9: 0 | K9: 0 | L9: 0 | M9: 0 | N9: 0 | O9: 0 | P9: 0 | Q9: 0 | R9: 0 | S9: 0 | T9: 0 | U9: 0 | V9: 0 | W9: 0 | X9: 0 | Y9: 0 | Z9: 0 | AA9: 0
A10: 0 | B10: 0 | C10: 0 | D10: 0 | E10: 0 | F10: 0 | G10: 0 | H10: 0 | I10: 0 | J10: 0 | K10: 0 | L10: 0 | M10: 0 | N10: 0 | O10: 0 | P10: 0 | Q10: 0 | R10: 0 | S10: 0 | T10: 0 | U10: 0 | V10: 0 | W10: 0 | X10: 0 | Y10: 0 | Z10: 0 | AA10: 0
A11: 0 | B11: 0 | C11: 0 | D11: 0 | E11: 0 | F11: 0 | G11: 0 | H11: 0 | I11: 0 | J11: 0 | K11: 0 | L11: 0 | M11: 0 | N11: 0 | O11: 0 | P11: 0 | Q11: 0 | R11: 0 | S11: 0 | T11: 0 | U11: 0 | V11: 0 | W11: 0 | X11: 0 | Y11: 0 | Z11: 0 | AA11: 0
A12: 0 | B12: 0 | C12: 0 | D12: 0 | E12: 0 | F12: 0 | G12: 0 | H12: 0 | I12: 0 | J12: 0 | K12: 0 | L12: 0 | M12: 0 | N12: 0 | O12: 0 | P12: 0 | Q12: 0 | R12: 0 | S12: 0 | T12: 0 | U12: 0 | V12: 0 | W12: 0 | X12: 0 | Y12: 0 | Z12: 0 | AA12: 0
... A587: 3.376182e-05 | B587: 3.376182e-05 | C587: 3.376182e-05 | D587: 3.376182e-05 | E587: 3.376182e-05 | F587: 3.376182e-05 | G587: 3.376182e-05 | H587: 3.376182e-05 | I587: 3.376182e-05 | J587: 3.376182e-05 | K587: 3.376182e-05 | L587: 3.376182e-05 | M587: 3.376182e-05 | N587: 3.376182e-05 | O587: 3.376182e-05 | P587: 3.376182e-05 | Q587: 3.376182e-05 | R587: 3.376182e-05 | S587: 3.376182e-05 | T587: 3.376182e-05 | U587: 3.376182e-05 | V587: 3.376182e-05 | W587: 3.376182e-05 | X587: 3.376182e-05 | Y587: 3.376182e-05 | Z587: 3.376182e-05 | AA587: 3.376182e-05

Sheet gaslmo
A1: 0 | B1: 0 | C1: 0 | D1: 0 | E1: 0 | F1: 0 | G1: 0 | H1: 0 | I1: 0 | J1: 0 | K1: 0 | L1: 0 | M1: 0 | N1: 0 | O1: 0 | P1: 0 | Q1: 0 | R1: 0 | S1: 0 | T1: 0 | U1: 0 | V1: 0 | W1: 0 | X1: 0 | Y1: 0 | Z1: 0 | AA1: 0
A2: 0 | B2: 0 | C2: 0 | D2: 0 | E2: 0 | F2: 0 | G2: 0 | H2: 0 | I2: 0 | J2: 0 | K2: 0 | L2: 0 | M2: 0 | N2: 0 | O2: 0 | P2: 0 | Q2: 0 | R2: 0 | S2: 0 | T2: 0 | U2: 0 | V2: 0 | W2: 0 | X2: 0 | Y2: 0 | Z2: 0 | AA2: 0
A3: 0 | B3: 0 | C3: 0 | D3: 0 | E3: 0 | F3: 0 | G3: 0 | H3: 0 | I3: 0 | J3: 0 | K3: 0 | L3: 0 | M3: 0 | N3: 0 | O3: 0 | P3: 0 | Q3: 0 | R3: 0 | S3: 0 | T3: 0 | U3: 0 | V3: 0 | W3: 0 | X3: 0 | Y3: 0 | Z3: 0 | AA3: 0
A4: 0 | B4: 0 | C4: 0 | D4: 0 | E4: 0 | F4: 0 | G4: 0 | H4: 0 | I4: 0 | J4: 0 | K4: 0 | L4: 0 | M4: 0 | N4: 0 | O4: 0 | P4: 0 | Q4: 0 | R4: 0 | S4: 0 | T4: 0 | U4: 0 | V4: 0 | W4: 0 | X4: 0 | Y4: 0 | Z4: 0 | AA4: 0
A5: 0 | B5: 0 | C5: 0 | D5: 0 | E5: 0 | F5: 0 | G5: 0 | H5: 0 | I5: 0 | J5: 0 | K5: 0 | L5: 0 | M5: 0 | N5: 0 | O5: 0 | P5: 0 | Q5: 0 | R5: 0 | S5: 0 | T5: 0 | U5: 0 | V5: 0 | W5: 0 | X5: 0 | Y5: 0 | Z5: 0 | AA5: 0
A6: 0 | B6: 0 | C6: 0 | D6: 0 | E6: 0 | F6: 0 | G6: 0 | H6: 0 | I6: 0 | J6: 0 | K6: 0 | L6: 0 | M6: 0 | N6: 0 | O6: 0 | P6: 0 | Q6: 0 | R6: 0 | S6: 0 | T6: 0 | U6: 0 | V6: 0 | W6: 0 | X6: 0 | Y6: 0 | Z6: 0 | AA6: 0
A7: 0 | B7: 0 | C7: 0 | D7: 0 | E7: 0 | F7: 0 | G7: 0 | H7: 0 | I7: 0 | J7: 0 | K7: 0 | L7: 0 | M7: 0 | N7: 0 | O7: 0 | P7: 0 | Q7: 0 | R7: 0 | S7: 0 | T7: 0 | U7: 0 | V7: 0 | W7: 0 | X7: 0 | Y7: 0 | Z7: 0 | AA7: 0
A8: 0 | B8: 0 | C8: 0 | D8: 0 | E8: 0 | F8: 0 | G8: 0 | H8: 0 | I8: 0 | J8: 0 | K8: 0 | L8: 0 | M8: 0 | N8: 0 | O8: 0 | P8: 0 | Q8: 0 | R8: 0 | S8: 0 | T8: 0 | U8: 0 | V8: 0 | W8: 0 | X8: 0 | Y8: 0 | Z8: 0 | AA8: 0
A9: 0 | B9: 0 | C9: 0 | D9: 0 | E9: 0 | F9: 0 | G9: 0 | H9: 0 | I9: 0 | J9: 0 | K9: 0 | L9: 0 | M9: 0 | N9: 0 | O9: 0 | P9: 0 | Q9: 0 | R9: 0 | S9: 0 | T9: 0 | U9: 0 | V9: 0 | W9: 0 | X9: 0 | Y9: 0 | Z9: 0 | AA9: 0
A10: 0 | B10: 0 | C10: 0 | D10: 0 | E10: 0 | F10: 0 | G10: 0 | H10: 0 | I10: 0 | J10: 0 | K10: 0 | L10: 0 | M10: 0 | N10: 0 | O10: 0 | P10: 0 | Q10: 0 | R10: 0 | S10: 0 | T10: 0 | U10: 0 | V10: 0 | W10: 0 | X10: 0 | Y10: 0 | Z10: 0 | AA10: 0
A11: 0 | B11: 0 | C11: 0 | D11: 0 | E11: 0 | F11: 0 | G11: 0 | H11: 0 | I11: 0 | J11: 0 | K11: 0 | L11: 0 | M11: 0 | N11: 0 | O11: 0 | P11: 0 | Q11: 0 | R11: 0 | S11: 0 | T11: 0 | U11: 0 | V11: 0 | W11: 0 | X11: 0 | Y11: 0 | Z11: 0 | AA11: 0
A12: 0 | B12: 0 | C12: 0 | D12: 0 | E12: 0 | F12: 0 | G12: 0 | H12: 0 | I12: 0 | J12: 0 | K12: 0 | L12: 0 | M12: 0 | N12: 0 | O12: 0 | P12: 0 | Q12: 0 | R12: 0 | S12: 0 | T12: 0 | U12: 0 | V12: 0 | W12: 0 | X12: 0 | Y12: 0 | Z12: 0 | AA12: 0
... A587: 32072 | B587: 32072 | C587: 32072 | D587: 32072 | E587: 32072 | F587: 32072 | G587: 32072 | H587: 32072 | I587: 32072 | J587: 32072 | K587: 32072 | L587: 32072 | M587: 32072 | N587: 32072 | O587: 32072 | P587: 32072 | Q587: 32072 | R587: 32072 | S587: 32072 | T587: 32072 | U587: 32072 | V587: 32072 | W587: 32072 | X587: 32072 | Y587: 32072 | Z587: 32072 | AA587: 35899

Sheet gaslme
A1: 0 | B1: 0 | C1: 0 | D1: 0 | E1: 0 | F1: 0 | G1: 0 | H1: 0 | I1: 0 | J1: 0 | K1: 0 | L1: 0 | M1: 0 | N1: 0 | O1: 0 | P1: 0 | Q1: 0 | R1: 0 | S1: 0 | T1: 0 | U1: 0 | V1: 0 | W1: 0 | X1: 0 | Y1: 0 | Z1: 0 | AA1: 0
A2: 0 | B2: 0 | C2: 0 | D2: 0 | E2: 0 | F2: 0 | G2: 0 | H2: 0 | I2: 0 | J2: 0 | K2: 0 | L2: 0 | M2: 0 | N2: 0 | O2: 0 | P2: 0 | Q2: 0 | R2: 0 | S2: 0 | T2: 0 | U2: 0 | V2: 0 | W2: 0 | X2: 0 | Y2: 0 | Z2: 0 | AA2: 0
A3: 0 | B3: 0 | C3: 0 | D3: 0 | E3: 0 | F3: 0 | G3: 0 | H3: 0 | I3: 0 | J3: 0 | K3: 0 | L3: 0 | M3: 0 | N3: 0 | O3: 0 | P3: 0 | Q3: 0 | R3: 0 | S3: 0 | T3: 0 | U3: 0 | V3: 0 | W3: 0 | X3: 0 | Y3: 0 | Z3: 0 | AA3: 0
A4: 0 | B4: 0 | C4: 0 | D4: 0 | E4: 0 | F4: 0 | G4: 0 | H4: 0 | I4: 0 | J4: 0 | K4: 0 | L4: 0 | M4: 0 | N4: 0 | O4: 0 | P4: 0 | Q4: 0 | R4: 0 | S4: 0 | T4: 0 | U4: 0 | V4: 0 | W4: 0 | X4: 0 | Y4: 0 | Z4: 0 | AA4: 0
A5: 0 | B5: 0 | C5: 0 | D5: 0 | E5: 0 | F5: 0 | G5: 0 | H5: 0 | I5: 0 | J5: 0 | K5: 0 | L5: 0 | M5: 0 | N5: 0 | O5: 0 | P5: 0 | Q5: 0 | R5: 0 | S5: 0 | T5: 0 | U5: 0 | V5: 0 | W5: 0 | X5: 0 | Y5: 0 | Z5: 0 | AA5: 0
A6: 0 | B6: 0 | C6: 0 | D6: 0 | E6: 0 | F6: 0 | G6: 0 | H6: 0 | I6: 0 | J6: 0 | K6: 0 | L6: 0 | M6: 0 | N6: 0 | O6: 0 | P6: 0 | Q6: 0 | R6: 0 | S6: 0 | T6: 0 | U6: 0 | V6: 0 | W6: 0 | X6: 0 | Y6: 0 | Z6: 0 | AA6: 0
A7: 0 | B7: 0 | C7: 0 | D7: 0 | E7: 0 | F7: 0 | G7: 0 | H7: 0 | I7: 0 | J7: 0 | K7: 0 | L7: 0 | M7: 0 | N7: 0 | O7: 0 | P7: 0 | Q7: 0 | R7: 0 | S7: 0 | T7: 0 | U7: 0 | V7: 0 | W7: 0 | X7: 0 | Y7: 0 | Z7: 0 | AA7: 0
A8: 0 | B8: 0 | C8: 0 | D8: 0 | E8: 0 | F8: 0 | G8: 0 | H8: 0 | I8: 0 | J8: 0 | K8: 0 | L8: 0 | M8: 0 | N8: 0 | O8: 0 | P8: 0 | Q8: 0 | R8: 0 | S8: 0 | T8: 0 | U8: 0 | V8: 0 | W8: 0 | X8: 0 | Y8: 0 | Z8: 0 | AA8: 0
A9: 0 | B9: 0 | C9: 0 | D9: 0 | E9: 0 | F9: 0 | G9: 0 | H9: 0 | I9: 0 | J9: 0 | K9: 0 | L9: 0 | M9: 0 | N9: 0 | O9: 0 | P9: 0 | Q9: 0 | R9: 0 | S9: 0 | T9: 0 | U9: 0 | V9: 0 | W9: 0 | X9: 0 | Y9: 0 | Z9: 0 | AA9: 0
A10: 0 | B10: 0 | C10: 0 | D10: 0 | E10: 0 | F10: 0 | G10: 0 | H10: 0 | I10: 0 | J10: 0 | K10: 0 | L10: 0 | M10: 0 | N10: 0 | O10: 0 | P10: 0 | Q10: 0 | R10: 0 | S10: 0 | T10: 0 | U10: 0 | V10: 0 | W10: 0 | X10: 0 | Y10: 0 | Z10: 0 | AA10: 0
A11: 0 | B11: 0 | C11: 0 | D11: 0 | E11: 0 | F11: 0 | G11: 0 | H11: 0 | I11: 0 | J11: 0 | K11: 0 | L11: 0 | M11: 0 | N11: 0 | O11: 0 | P11: 0 | Q11: 0 | R11: 0 | S11: 0 | T11: 0 | U11: 0 | V11: 0 | W11: 0 | X11: 0 | Y11: 0 | Z11: 0 | AA11: 0
A12: 0 | B12: 0 | C12: 0 | D12: 0 | E12: 0 | F12: 0 | G12: 0 | H12: 0 | I12: 0 | J12: 0 | K12: 0 | L12: 0 | M12: 0 | N12: 0 | O12: 0 | P12: 0 | Q12: 0 | R12: 0 | S12: 0 | T12: 0 | U12: 0 | V12: 0 | W12: 0 | X12: 0 | Y12: 0 | Z12: 0 | AA12: 0
... A587: 5 | B587: 5 | C587: 5 | D587: 5 | E587: 5 | F587: 5 | G587: 5 | H587: 5 | I587: 5 | J587: 5 | K587: 5 | L587: 5 | M587: 5 | N587: 5 | O587: 5 | P587: 5 | Q587: 5 | R587: 5 | S587: 5 | T587: 5 | U587: 5 | V587: 5 | W587: 5 | X587: 5 | Y587: 5 | Z587: 5 | AA587: 5

Sheet gaspfmo
A1: 0 | B1: 0 | C1: 0 | D1: 0 | E1: 0 | F1: 0 | G1: 0 | H1: 0 | I1: 0 | J1: 0 | K1: 0 | L1: 0 | M1: 0 | N1: 0 | O1: 0 | P1: 0 | Q1: 0 | R1: 0 | S1: 0 | T1: 0 | U1: 0 | V1: 0 | W1: 0 | X1: 0 | Y1: 0 | Z1: 0 | AA1: 0
A2: 0 | B2: 0 | C2: 0 | D2: 0 | E2: 0 | F2: 0 | G2: 0 | H2: 0 | I2: 0 | J2: 0 | K2: 0 | L2: 0 | M2: 0 | N2: 0 | O2: 0 | P2: 0 | Q2: 0 | R2: 0 | S2: 0 | T2: 0 | U2: 0 | V2: 0 | W2: 0 | X2: 0 | Y2: 0 | Z2: 0 | AA2: 0
A3: 0 | B3: 0 | C3: 0 | D3: 0 | E3: 0 | F3: 0 | G3: 0 | H3: 0 | I3: 0 | J3: 0 | K3: 0 | L3: 0 | M3: 0 | N3: 0 | O3: 0 | P3: 0 | Q3: 0 | R3: 0 | S3: 0 | T3: 0 | U3: 0 | V3: 0 | W3: 0 | X3: 0 | Y3: 0 | Z3: 0 | AA3: 0
A4: 0 | B4: 0 | C4: 0 | D4: 0 | E4: 0 | F4: 0 | G4: 0 | H4: 0 | I4: 0 | J4: 0 | K4: 0 | L4: 0 | M4: 0 | N4: 0 | O4: 0 | P4: 0 | Q4: 0 | R4: 0 | S4: 0 | T4: 0 | U4: 0 | V4: 0 | W4: 0 | X4: 0 | Y4: 0 | Z4: 0 | AA4: 0
A5: 0 | B5: 0 | C5: 0 | D5: 0 | E5: 0 | F5: 0 | G5: 0 | H5: 0 | I5: 0 | J5: 0 | K5: 0 | L5: 0 | M5: 0 | N5: 0 | O5: 0 | P5: 0 | Q5: 0 | R5: 0 | S5: 0 | T5: 0 | U5: 0 | V5: 0 | W5: 0 | X5: 0 | Y5: 0 | Z5: 0 | AA5: 0
A6: 0 | B6: 0 | C6: 0 | D6: 0 | E6: 0 | F6: 0 | G6: 0 | H6: 0 | I6: 0 | J6: 0 | K6: 0 | L6: 0 | M6: 0 | N6: 0 | O6: 0 | P6: 0 | Q6: 0 | R6: 0 | S6: 0 | T6: 0 | U6: 0 | V6: 0 | W6: 0 | X6: 0 | Y6: 0 | Z6: 0 | AA6: 0
A7: 0 | B7: 0 | C7: 0 | D7: 0 | E7: 0 | F7: 0 | G7: 0 | H7: 0 | I7: 0 | J7: 0 | K7: 0 | L7: 0 | M7: 0 | N7: 0 | O7: 0 | P7: 0 | Q7: 0 | R7: 0 | S7: 0 | T7: 0 | U7: 0 | V7: 0 | W7: 0 | X7: 0 | Y7: 0 | Z7: 0 | AA7: 0
A8: 0 | B8: 0 | C8: 0 | D8: 0 | E8: 0 | F8: 0 | G8: 0 | H8: 0 | I8: 0 | J8: 0 | K8: 0 | L8: 0 | M8: 0 | N8: 0 | O8: 0 | P8: 0 | Q8: 0 | R8: 0 | S8: 0 | T8: 0 | U8: 0 | V8: 0 | W8: 0 | X8: 0 | Y8: 0 | Z8: 0 | AA8: 0
A9: 0 | B9: 0 | C9: 0 | D9: 0 | E9: 0 | F9: 0 | G9: 0 | H9: 0 | I9: 0 | J9: 0 | K9: 0 | L9: 0 | M9: 0 | N9: 0 | O9: 0 | P9: 0 | Q9: 0 | R9: 0 | S9: 0 | T9: 0 | U9: 0 | V9: 0 | W9: 0 | X9: 0 | Y9: 0 | Z9: 0 | AA9: 0
A10: 0 | B10: 0 | C10: 0 | D10: 0 | E10: 0 | F10: 0 | G10: 0 | H10: 0 | I10: 0 | J10: 0 | K10: 0 | L10: 0 | M10: 0 | N10: 0 | O10: 0 | P10: 0 | Q10: 0 | R10: 0 | S10: 0 | T10: 0 | U10: 0 | V10: 0 | W10: 0 | X10: 0 | Y10: 0 | Z10: 0 | AA10: 0
A11: 0 | B11: 0 | C11: 0 | D11: 0 | E11: 0 | F11: 0 | G11: 0 | H11: 0 | I11: 0 | J11: 0 | K11: 0 | L11: 0 | M11: 0 | N11: 0 | O11: 0 | P11: 0 | Q11: 0 | R11: 0 | S11: 0 | T11: 0 | U11: 0 | V11: 0 | W11: 0 | X11: 0 | Y11: 0 | Z11: 0 | AA11: 0
A12: 0 | B12: 0 | C12: 0 | D12: 0 | E12: 0 | F12: 0 | G12: 0 | H12: 0 | I12: 0 | J12: 0 | K12: 0 | L12: 0 | M12: 0 | N12: 0 | O12: 0 | P12: 0 | Q12: 0 | R12: 0 | S12: 0 | T12: 0 | U12: 0 | V12: 0 | W12: 0 | X12: 0 | Y12: 0 | Z12: 0 | AA12: 0
... A587: 28.704134 | B587: 28.704134 | C587: 28.704134 | D587: 28.704134 | E587: 28.704134 | F587: 28.704134 | G587: 51.505732 | H587: 55.007406 | I587: 58.509081 | J587: 62.010755 | K587: 65.512429 | L587: 69.014103 | M587: 72.515777 | N587: 76.017451 | O587: 79.519125 | P587: 83.020799 | Q587: 86.522473 | R587: 90.024147 | S587: 93.525821 | T587: 97.027495 | U587: 100.52917 | V587: 104.03084 | W587: 107.53252 | X587: 111.03419 | Y587: 114.53587 | Z587: 118.03754 | AA587: 19.494173

Sheet gaspfme
A1: 0 | B1: 0 | C1: 0 | D1: 0 | E1: 0 | F1: 0 | G1: 0 | H1: 0 | I1: 0 | J1: 0 | K1: 0 | L1: 0 | M1: 0 | N1: 0 | O1: 0 | P1: 0 | Q1: 0 | R1: 0 | S1: 0 | T1: 0 | U1: 0 | V1: 0 | W1: 0 | X1: 0 | Y1: 0 | Z1: 0 | AA1: 0
A2: 0 | B2: 0 | C2: 0 | D2: 0 | E2: 0 | F2: 0 | G2: 0 | H2: 0 | I2: 0 | J2: 0 | K2: 0 | L2: 0 | M2: 0 | N2: 0 | O2: 0 | P2: 0 | Q2: 0 | R2: 0 | S2: 0 | T2: 0 | U2: 0 | V2: 0 | W2: 0 | X2: 0 | Y2: 0 | Z2: 0 | AA2: 0
A3: 0 | B3: 0 | C3: 0 | D3: 0 | E3: 0 | F3: 0 | G3: 0 | H3: 0 | I3: 0 | J3: 0 | K3: 0 | L3: 0 | M3: 0 | N3: 0 | O3: 0 | P3: 0 | Q3: 0 | R3: 0 | S3: 0 | T3: 0 | U3: 0 | V3: 0 | W3: 0 | X3: 0 | Y3: 0 | Z3: 0 | AA3: 0
A4: 0 | B4: 0 | C4: 0 | D4: 0 | E4: 0 | F4: 0 | G4: 0 | H4: 0 | I4: 0 | J4: 0 | K4: 0 | L4: 0 | M4: 0 | N4: 0 | O4: 0 | P4: 0 | Q4: 0 | R4: 0 | S4: 0 | T4: 0 | U4: 0 | V4: 0 | W4: 0 | X4: 0 | Y4: 0 | Z4: 0 | AA4: 0
A5: 0 | B5: 0 | C5: 0 | D5: 0 | E5: 0 | F5: 0 | G5: 0 | H5: 0 | I5: 0 | J5: 0 | K5: 0 | L5: 0 | M5: 0 | N5: 0 | O5: 0 | P5: 0 | Q5: 0 | R5: 0 | S5: 0 | T5: 0 | U5: 0 | V5: 0 | W5: 0 | X5: 0 | Y5: 0 | Z5: 0 | AA5: 0
A6: 0 | B6: 0 | C6: 0 | D6: 0 | E6: 0 | F6: 0 | G6: 0 | H6: 0 | I6: 0 | J6: 0 | K6: 0 | L6: 0 | M6: 0 | N6: 0 | O6: 0 | P6: 0 | Q6: 0 | R6: 0 | S6: 0 | T6: 0 | U6: 0 | V6: 0 | W6: 0 | X6: 0 | Y6: 0 | Z6: 0 | AA6: 0
A7: 0 | B7: 0 | C7: 0 | D7: 0 | E7: 0 | F7: 0 | G7: 0 | H7: 0 | I7: 0 | J7: 0 | K7: 0 | L7: 0 | M7: 0 | N7: 0 | O7: 0 | P7: 0 | Q7: 0 | R7: 0 | S7: 0 | T7: 0 | U7: 0 | V7: 0 | W7: 0 | X7: 0 | Y7: 0 | Z7: 0 | AA7: 0
A8: 0 | B8: 0 | C8: 0 | D8: 0 | E8: 0 | F8: 0 | G8: 0 | H8: 0 | I8: 0 | J8: 0 | K8: 0 | L8: 0 | M8: 0 | N8: 0 | O8: 0 | P8: 0 | Q8: 0 | R8: 0 | S8: 0 | T8: 0 | U8: 0 | V8: 0 | W8: 0 | X8: 0 | Y8: 0 | Z8: 0 | AA8: 0
A9: 0 | B9: 0 | C9: 0 | D9: 0 | E9: 0 | F9: 0 | G9: 0 | H9: 0 | I9: 0 | J9: 0 | K9: 0 | L9: 0 | M9: 0 | N9: 0 | O9: 0 | P9: 0 | Q9: 0 | R9: 0 | S9: 0 | T9: 0 | U9: 0 | V9: 0 | W9: 0 | X9: 0 | Y9: 0 | Z9: 0 | AA9: 0
A10: 0 | B10: 0 | C10: 0 | D10: 0 | E10: 0 | F10: 0 | G10: 0 | H10: 0 | I10: 0 | J10: 0 | K10: 0 | L10: 0 | M10: 0 | N10: 0 | O10: 0 | P10: 0 | Q10: 0 | R10: 0 | S10: 0 | T10: 0 | U10: 0 | V10: 0 | W10: 0 | X10: 0 | Y10: 0 | Z10: 0 | AA10: 0
A11: 0 | B11: 0 | C11: 0 | D11: 0 | E11: 0 | F11: 0 | G11: 0 | H11: 0 | I11: 0 | J11: 0 | K11: 0 | L11: 0 | M11: 0 | N11: 0 | O11: 0 | P11: 0 | Q11: 0 | R11: 0 | S11: 0 | T11: 0 | U11: 0 | V11: 0 | W11: 0 | X11: 0 | Y11: 0 | Z11: 0 | AA11: 0
A12: 0 | B12: 0 | C12: 0 | D12: 0 | E12: 0 | F12: 0 | G12: 0 | H12: 0 | I12: 0 | J12: 0 | K12: 0 | L12: 0 | M12: 0 | N12: 0 | O12: 0 | P12: 0 | Q12: 0 | R12: 0 | S12: 0 | T12: 0 | U12: 0 | V12: 0 | W12: 0 | X12: 0 | Y12: 0 | Z12: 0 | AA12: 0
... A587: 1.2440344e-05 | B587: 1.2440344e-05 | C587: 1.2440344e-05 | D587: 1.2440344e-05 | E587: 1.2440344e-05 | F587: 1.2440344e-05 | G587: 2.1988186e-05 | H587: 2.3454462e-05 | I587: 2.4920738e-05 | J587: 2.6387014e-05 | K587: 2.785329e-05 | L587: 2.9319566e-05 | M587: 3.0785841e-05 | N587: 3.2252117e-05 | O587: 3.3718393e-05 | P587: 3.5184669e-05 | Q587: 3.6650945e-05 | R587: 3.8117221e-05 | S587: 3.9583496e-05 | T587: 4.1049772e-05 | U587: 4.2516048e-05 | V587: 4.3982324e-05 | W587: 4.54486e-05 | X587: 4.6914875e-05 | Y587: 4.8381151e-05 | Z587: 4.9847427e-05 | AA587: 5.1313703e-05

Sheet lato
A1: 28.987089 | B1: 28.987089 | C1: 28.987089 | D1: 28.987089 | E1: 28.987089 | F1: 28.987089 | G1: 28.987089 | H1: 28.987089 | I1: 28.987089 | J1: 28.987089 | K1: 28.987089 | L1: 28.987089 | M1: 28.987089 | N1: 28.987089 | O1: 28.987089 | P1: 28.987089 | Q1: 28.987089 | R1: 28.987089 | S1: 28.987089 | T1: 28.987089 | U1: 28.987089 | V1: 28.987089 | W1: 28.987089 | X1: 28.987089 | Y1: 28.987089 | Z1: 28.987089 | AA1: 28.987089
A2: 37.716667 | B2: 37.716667 | C2: 39.169546 | D2: 36.595473 | E2: 36.595473 | F2: 36.595473 | G2: 36.595473 | H2: 36.595473 | I2: 36.595473 | J2: 36.595473 | K2: 36.595473 | L2: 36.595473 | M2: 36.941688 | N2: 36.941688 | O2: 36.941688 | P2: 36.941688 | Q2: 36.941688 | R2: 36.941688 | S2: 36.941688 | T2: 36.941688 | U2: 36.941688 | V2: 36.941688 | W2: 36.941688 | X2: 36.941688 | Y2: 36.941688 | Z2: 36.941688 | AA2: 36.941688
A3: 38.46741 | B3: 38.46741 | C3: 37.716667 | D3: 39.169546 | E3: 37.93063 | F3: 37.93063 | G3: 37.93063 | H3: 37.93063 | I3: 37.93063 | J3: 37.93063 | K3: 37.93063 | L3: 37.93063 | M3: 36.595473 | N3: 36.595473 | O3: 36.595473 | P3: 36.595473 | Q3: 36.595473 | R3: 36.595473 | S3: 36.595473 | T3: 36.595473 | U3: 36.595473 | V3: 36.595473 | W3: 36.595473 | X3: 36.595473 | Y3: 36.595473 | Z3: 36.595473 | AA3: 36.595473
A4: 37.5 | B4: 32.650854 | C4: 38.46741 | D4: 37.859038 | E4: 39.169546 | F4: 39.169546 | G4: 39.169546 | H4: 39.169546 | I4: 39.169546 | J4: 39.169546 | K4: 39.169546 | L4: 39.169546 | M4: 37.93063 | N4: 37.93063 | O4: 37.93063 | P4: 37.93063 | Q4: 37.93063 | R4: 37.93063 | S4: 23.722014 | T4: 23.722014 | U4: 23.722014 | V4: 23.722014 | W4: 23.722014 | X4: 23.722014 | Y4: 23.722014 | Z4: 23.722014 | AA4: 23.722014
A5: 37.152326 | B5: 37.5 | C5: 38.007134 | D5: 37.716667 | E5: 29.069925 | F5: 29.069925 | G5: 29.069925 | H5: 29.069925 | I5: 29.069925 | J5: 29.069925 | K5: 29.069925 | L5: 29.069925 | M5: 39.169546 | N5: 39.169546 | O5: 39.169546 | P5: 39.169546 | Q5: 39.169546 | R5: 39.169546 | S5: 37.93063 | T5: 37.93063 | U5: 37.93063 | V5: 37.93063 | W5: 37.93063 | X5: 37.93063 | Y5: 37.93063 | Z5: 37.93063 | AA5: 37.93063
A6: 19.934534 | B6: 37.152326 | C6: 29.233169 | D6: 38.46741 | E6: 37.859038 | F6: 37.859038 | G6: 37.8 | H6: 37.8 | I6: 37.8 | J6: 37.8 | K6: 37.8 | L6: 37.8 | M6: 29.069925 | N6: 29.069925 | O6: 29.069925 | P6: 29.069925 | Q6: 29.069925 | R6: 29.069925 | S6: 45.765578 | T6: 45.765578 | U6: 37.746254 | V6: 37.746254 | W6: 37.746254 | X6: 37.746254 | Y6: 37.746254 | Z6: 37.746254 | AA6: 37.746254
A7: 29.13339 | B7: 19.934534 | C7: 32.650854 | D7: 38.007134 | E7: 37.716667 | F7: 37.716667 | G7: 37.859038 | H7: 37.859038 | I7: 37.859038 | J7: 37.859038 | K7: 37.859038 | L7: 37.859038 | M7: 37.8 | N7: 37.8 | O7: 37.8 | P7: 37.8 | Q7: 37.8 | R7: 37.8 | S7: 39.169546 | T7: 39.169546 | U7: 45.765578 | V7: 45.765578 | W7: 45.765578 | X7: 45.765578 | Y7: 45.765578 | Z7: 45.765578 | AA7: 45.765578
A8: 28.66377 | B8: 29.13339 | C8: 37.5 | D8: 29.233169 | E8: 38.46741 | F8: 38.46741 | G8: 37.716667 | H8: 37.716667 | I8: 37.716667 | J8: 37.716667 | K8: 37.716667 | L8: 37.716667 | M8: 37.859038 | N8: 37.859038 | O8: 37.859038 | P8: 37.859038 | Q8: 37.859038 | R8: 37.859038 | S8: 29.069925 | T8: 29.069925 | U8: 39.169546 | V8: 39.169546 | W8: 39.169546 | X8: 31.225115 | Y8: 31.225115 | Z8: 31.225115 | AA8: 31.225115
A9: 30.447173 | B9: 32.55933 | C9: 37.152326 | D9: 32.650854 | E9: 38.007134 | F9: 38.007134 | G9: 38.46741 | H9: 38.46741 | I9: 38.46741 | J9: 38.46741 | K9: 38.46741 | L9: 38.46741 | M9: 37.716667 | N9: 37.716667 | O9: 37.716667 | P9: 37.716667 | Q9: 37.716667 | R9: 37.716667 | S9: 37.8 | T9: 37.8 | U9: 29.069925 | V9: 29.069925 | W9: 29.069925 | X9: 39.169546 | Y9: 39.169546 | Z9: 39.169546 | AA9: 39.169546
A10: 30.763114 | B10: 37.616667 | C10: 38.046328 | D10: 37.5 | E10: 29.233169 | F10: 29.233169 | G10: 38.007134 | H10: 38.007134 | I10: 38.007134 | J10: 38.007134 | K10: 38.007134 | L10: 38.007134 | M10: 38.46741 | N10: 38.46741 | O10: 38.46741 | P10: 38.46741 | Q10: 38.46741 | R10: 38.46741 | S10: 37.859038 | T10: 37.859038 | U10: 37.8 | V10: 37.8 | W10: 37.8 | X10: 29.069925 | Y10: 29.069925 | Z10: 29.069925 | AA10: 29.069925
A11: 41.05 | B11: 28.66377 | C11: 19.934534 | D11: 37.152326 | E11: 32.650854 | F11: 32.650854 | G11: 29.233169 | H11: 29.233169 | I11: 29.233169 | J11: 29.233169 | K11: 29.23306 | L11: 29.23306 | M11: 38.007134 | N11: 38.007134 | O11: 38.007134 | P11: 38.007134 | Q11: 38.007134 | R11: 38.007134 | S11: 37.716667 | T11: 37.716667 | U11: 37.859038 | V11: 37.859038 | W11: 37.859038 | X11: 37.8 | Y11: 37.8 | Z11: 37.8 | AA11: 37.8
A12: 40.392147 | B12: 30.447173 | C12: 29.13339 | D12: 38.046328 | E12: 37.5 | F12: 37.5 | G12: 29.018454 | H12: 29.018454 | I12: 29.018454 | J12: 29.018454 | K12: 29.233169 | L12: 29.233169 | M12: 29.23306 | N12: 29.23306 | O12: 29.23306 | P12: 29.23306 | Q12: 29.23306 | R12: 29.23306 | S12: 38.46741 | T12: 38.46741 | U12: 37.716667 | V12: 37.716667 | W12: 37.716667 | X12: 37.859038 | Y12: 37.859038 | Z12: 37.859038 | AA12: 37.859038
... A587: 38.533636 | B587: 38.533636 | C587: 38.533636 | D587: 38.533636 | E587: 38.533636 | F587: 38.533636 | G587: 38.533636 | H587: 38.533636 | I587: 38.533636 | J587: 38.533636 | K587: 38.533636 | L587: 38.533636 | M587: 38.533636 | N587: 38.533636 | O587: 38.533636 | P587: 38.533636 | Q587: 38.533636 | R587: 38.533636 | S587: 38.533636 | T587: 38.533636 | U587: 38.533636 | V587: 38.533636 | W587: 38.533636 | X587: 38.533636 | Y587: 38.533636 | Z587: 38.533636 | AA587: 30.165508

Sheet lono
A1: 105.14791 | B1: 105.14791 | C1: 105.14791 | D1: 105.14791 | E1: 105.14791 | F1: 105.14791 | G1: 105.14791 | H1: 105.14791 | I1: 105.14791 | J1: 105.14791 | K1: 105.14791 | L1: 105.14791 | M1: 105.14791 | N1: 105.14791 | O1: 105.14791 | P1: 105.14791 | Q1: 105.14791 | R1: 105.14791 | S1: 105.14791 | T1: 105.14791 | U1: 105.14791 | V1: 105.14791 | W1: 105.14791 | X1: 105.14791 | Y1: 105.14791 | Z1: 105.14791 | AA1: 105.14791
A2: 118.28333 | B2: 118.28333 | C2: 120.32195 | D2: 108.08394 | E2: 108.08394 | F2: 108.08394 | G2: 108.08394 | H2: 108.08394 | I2: 108.08394 | J2: 108.08394 | K2: 108.08394 | L2: 108.08394 | M2: 107.94716 | N2: 107.94716 | O2: 107.94716 | P2: 107.94716 | Q2: 107.94716 | R2: 107.94716 | S2: 107.94716 | T2: 107.94716 | U2: 107.94716 | V2: 107.94716 | W2: 107.94716 | X2: 107.94716 | Y2: 107.94716 | Z2: 107.94716 | AA2: 107.94716
A3: 116.13851 | B3: 116.13851 | C3: 118.28333 | D3: 120.32195 | E3: 115.54293 | F3: 115.54293 | G3: 115.54293 | H3: 115.54293 | I3: 115.54293 | J3: 115.54293 | K3: 115.54293 | L3: 115.54293 | M3: 108.08394 | N3: 108.08394 | O3: 108.08394 | P3: 108.08394 | Q3: 108.08394 | R3: 108.08394 | S3: 108.08394 | T3: 108.08394 | U3: 108.08394 | V3: 108.08394 | W3: 108.08394 | X3: 108.08394 | Y3: 108.08394 | Z3: 108.08394 | AA3: 108.08394
A4: 107.43333 | B4: 112.60179 | C4: 116.13851 | D4: 118.57396 | E4: 120.32195 | F4: 120.32195 | G4: 120.32195 | H4: 120.32195 | I4: 120.32195 | J4: 120.32195 | K4: 120.32195 | L4: 120.32195 | M4: 115.54293 | N4: 115.54293 | O4: 115.54293 | P4: 115.54293 | Q4: 115.54293 | R4: 115.54293 | S4: 107.07414 | T4: 107.07414 | U4: 107.07414 | V4: 107.07414 | W4: 107.07414 | X4: 107.07414 | Y4: 107.07414 | Z4: 107.07414 | AA4: 107.07414
A5: 117.86591 | B5: 107.43333 | C5: 115.49827 | D5: 118.28333 | E5: 105.73689 | F5: 105.73689 | G5: 105.73689 | H5: 105.73689 | I5: 105.73689 | J5: 105.73689 | K5: 105.73689 | L5: 105.73689 | M5: 120.32195 | N5: 120.32195 | O5: 120.32195 | P5: 120.32195 | Q5: 120.32195 | R5: 120.32195 | S5: 115.54293 | T5: 115.54293 | U5: 115.54293 | V5: 115.54293 | W5: 115.54293 | X5: 115.54293 | Y5: 115.54293 | Z5: 115.54293 | AA5: 115.54293
A6: 109.89159 | B6: 117.86591 | C6: 105.75554 | D6: 116.13851 | E6: 118.57396 | F6: 118.57396 | G6: 118.85 | H6: 118.85 | I6: 118.85 | J6: 118.85 | K6: 118.85 | L6: 118.85 | M6: 105.73689 | N6: 105.73689 | O6: 105.73689 | P6: 105.73689 | Q6: 105.73689 | R6: 105.73689 | S6: 125.94003 | T6: 125.94003 | U6: 114.74772 | V6: 114.74772 | W6: 114.74772 | X6: 114.74772 | Y6: 114.74772 | Z6: 114.74772 | AA6: 114.74772
A7: 104.90028 | B7: 109.89159 | C7: 112.60179 | D7: 115.49827 | E7: 118.28333 | F7: 118.28333 | G7: 118.57396 | H7: 118.57396 | I7: 118.57396 | J7: 118.57396 | K7: 118.57396 | L7: 118.57396 | M7: 118.85 | N7: 118.85 | O7: 118.85 | P7: 118.85 | Q7: 118.85 | R7: 118.85 | S7: 120.32195 | T7: 120.32195 | U7: 125.94003 | V7: 125.94003 | W7: 125.94003 | X7: 125.94003 | Y7: 125.94003 | Z7: 125.94003 | AA7: 125.94003
A8: 105.58581 | B8: 104.90028 | C8: 107.43333 | D8: 105.75554 | E8: 116.13851 | F8: 116.13851 | G8: 118.28333 | H8: 118.28333 | I8: 118.28333 | J8: 118.28333 | K8: 118.28333 | L8: 118.28333 | M8: 118.57396 | N8: 118.57396 | O8: 118.57396 | P8: 118.57396 | Q8: 118.57396 | R8: 118.57396 | S8: 105.73689 | T8: 105.73689 | U8: 120.32195 | V8: 120.32195 | W8: 120.32195 | X8: 104.45028 | Y8: 104.45028 | Z8: 104.45028 | AA8: 104.45028
A9: 105.59517 | B9: 113.03792 | C9: 117.86591 | D9: 112.60179 | E9: 115.49827 | F9: 115.49827 | G9: 116.13851 | H9: 116.13851 | I9: 116.13851 | J9: 116.13851 | K9: 116.13851 | L9: 116.13851 | M9: 118.28333 | N9: 118.28333 | O9: 118.28333 | P9: 118.28333 | Q9: 118.28333 | R9: 118.28333 | S9: 118.85 | T9: 118.85 | U9: 105.73689 | V9: 105.73689 | W9: 105.73689 | X9: 120.32195 | Y9: 120.32195 | Z9: 120.32195 | AA9: 120.32195
A10: 107.77601 | B10: 107.16667 | C10: 115.34618 | D10: 107.43333 | E10: 105.75554 | F10: 105.75554 | G10: 115.49827 | H10: 115.49827 | I10: 115.49827 | J10: 115.49827 | K10: 115.49827 | L10: 115.49827 | M10: 116.13851 | N10: 116.13851 | O10: 116.13851 | P10: 116.13851 | Q10: 116.13851 | R10: 116.13851 | S10: 118.57396 | T10: 118.57396 | U10: 118.85 | V10: 118.85 | W10: 118.85 | X10: 105.73689 | Y10: 105.73689 | Z10: 105.73689 | AA10: 105.73689
A11: 122.43333 | B11: 105.58581 | C11: 109.89159 | D11: 117.86591 | E11: 112.60179 | F11: 112.60179 | G11: 105.75554 | H11: 105.75554 | I11: 105.75554 | J11: 105.75554 | K11: 105.82653 | L11: 105.82653 | M11: 115.49827 | N11: 115.49827 | O11: 115.49827 | P11: 115.49827 | Q11: 115.49827 | R11: 115.49827 | S11: 118.28333 | T11: 118.28333 | U11: 118.57396 | V11: 118.57396 | W11: 118.57396 | X11: 118.85 | Y11: 118.85 | Z11: 118.85 | AA11: 118.85
A12: 121.40082 | B12: 105.59517 | C12: 104.90028 | D12: 115.34618 | E12: 107.43333 | F12: 107.43333 | G12: 106.30528 | H12: 106.30528 | I12: 106.30528 | J12: 106.30528 | K12: 105.75554 | L12: 105.75554 | M12: 105.82653 | N12: 105.82653 | O12: 105.82653 | P12: 105.82653 | Q12: 105.82653 | R12: 105.82653 | S12: 116.13851 | T12: 116.13851 | U12: 118.28333 | V12: 118.28333 | W12: 118.28333 | X12: 118.57396 | Y12: 118.57396 | Z12: 118.57396 | AA12: 118.57396
... A587: 108.51709 | B587: 108.51709 | C587: 108.51709 | D587: 108.51709 | E587: 108.51709 | F587: 108.51709 | G587: 108.51709 | H587: 108.51709 | I587: 108.51709 | J587: 108.51709 | K587: 108.51709 | L587: 108.51709 | M587: 108.51709 | N587: 108.51709 | O587: 108.51709 | P587: 108.51709 | Q587: 108.51709 | R587: 108.51709 | S587: 108.51709 | T587: 108.51709 | U587: 108.51709 | V587: 108.51709 | W587: 108.51709 | X587: 108.51709 | Y587: 108.51709 | Z587: 108.51709 | AA587: 105.3643

Sheet late
A1: 36.7 | B1: 29.350061 | C1: 29.350061 | D1: 29.350061 | E1: 29.350061 | F1: 29.350061 | G1: 29.350061 | H1: 29.350061 | I1: 29.350061 | J1: 29.350061 | K1: 29.350061 | L1: 29.350061 | M1: 29.350061 | N1: 29.350061 | O1: 29.350061 | P1: 29.350061 | Q1: 29.350061 | R1: 29.350061 | S1: 29.350061 | T1: 29.350061 | U1: 29.350061 | V1: 29.350061 | W1: 29.350061 | X1: 29.350061 | Y1: 29.350061 | Z1: 29.350061 | AA1: 29.350061
A2: 36.6 | B2: 36.483333 | C2: 36.483333 | D2: 36.483333 | E2: 36.483333 | F2: 36.483333 | G2: 36.483333 | H2: 36.483333 | I2: 36.483333 | J2: 36.483333 | K2: 36.483333 | L2: 36.483333 | M2: 36.483333 | N2: 36.483333 | O2: 36.483333 | P2: 36.483333 | Q2: 30.396199 | R2: 30.396199 | S2: 30.396199 | T2: 30.396199 | U2: 30.396199 | V2: 30.396199 | W2: 30.396199 | X2: 30.396199 | Y2: 30.396199 | Z2: 30.396199 | AA2: 30.396199
A3: 36.975 | B3: 36.7 | C3: 36.7 | D3: 36.7 | E3: 36.7 | F3: 36.7 | G3: 36.7 | H3: 36.7 | I3: 36.7 | J3: 36.7 | K3: 36.7 | L3: 36.7 | M3: 36.7 | N3: 36.7 | O3: 36.7 | P3: 36.7 | Q3: 36.483333 | R3: 36.483333 | S3: 36.483333 | T3: 36.483333 | U3: 36.483333 | V3: 36.483333 | W3: 36.483333 | X3: 36.483333 | Y3: 36.483333 | Z3: 36.250237 | AA3: 38.533636
A4: 36.816667 | B4: 36.666667 | C4: 36.666667 | D4: 36.666667 | E4: 36.666667 | F4: 36.666667 | G4: 37.142033 | H4: 37.142033 | I4: 37.142033 | J4: 37.142033 | K4: 37.142033 | L4: 37.142033 | M4: 37.142033 | N4: 37.142033 | O4: 37.142033 | P4: 37.142033 | Q4: 36.7 | R4: 36.7 | S4: 36.7 | T4: 36.7 | U4: 36.7 | V4: 36.7 | W4: 36.7 | X4: 36.7 | Y4: 36.7 | Z4: 36.483333 | AA4: 36.250237
A5: 37.033333 | B5: 37.266667 | C5: 37.266667 | D5: 37.266667 | E5: 37.266667 | F5: 37.266667 | G5: 36.666667 | H5: 36.666667 | I5: 36.666667 | J5: 36.666667 | K5: 36.666667 | L5: 36.666667 | M5: 36.666667 | N5: 36.666667 | O5: 36.666667 | P5: 36.666667 | Q5: 37.142033 | R5: 37.142033 | S5: 37.142033 | T5: 37.142033 | U5: 37.142033 | V5: 37.142033 | W5: 37.142033 | X5: 37.142033 | Y5: 37.142033 | Z5: 36.7 | AA5: 36.483333
A6: 39.3453 | B6: 36.6 | C6: 36.6 | D6: 36.6 | E6: 36.6 | F6: 36.6 | G6: 37.266667 | H6: 37.266667 | I6: 37.266667 | J6: 37.266667 | K6: 37.266667 | L6: 37.266667 | M6: 37.266667 | N6: 37.266667 | O6: 37.266667 | P6: 37.266667 | Q6: 36.666667 | R6: 36.666667 | S6: 36.666667 | T6: 36.666667 | U6: 36.666667 | V6: 36.666667 | W6: 36.666667 | X6: 36.666667 | Y6: 36.666667 | Z6: 37.142033 | AA6: 36.7
A7: 31.033444 | B7: 36.975 | C7: 36.975 | D7: 36.975 | E7: 36.975 | F7: 36.975 | G7: 36.6 | H7: 36.6 | I7: 36.6 | J7: 36.6 | K7: 36.6 | L7: 36.6 | M7: 36.6 | N7: 36.6 | O7: 36.6 | P7: 36.6 | Q7: 37.266667 | R7: 37.266667 | S7: 37.266667 | T7: 37.266667 | U7: 37.266667 | V7: 37.266667 | W7: 37.266667 | X7: 37.266667 | Y7: 37.266667 | Z7: 36.666667 | AA7: 37.142033
A8: 38.46741 | B8: 36.816667 | C8: 36.816667 | D8: 36.816667 | E8: 36.816667 | F8: 36.816667 | G8: 36.975 | H8: 36.975 | I8: 36.975 | J8: 36.975 | K8: 36.975 | L8: 36.975 | M8: 36.975 | N8: 36.975 | O8: 36.975 | P8: 36.975 | Q8: 36.6 | R8: 36.6 | S8: 36.6 | T8: 36.6 | U8: 36.6 | V8: 36.6 | W8: 36.6 | X8: 36.6 | Y8: 36.6 | Z8: 37.266667 | AA8: 36.666667
A9: 37.5 | B9: 37.033333 | C9: 36.833333 | D9: 36.833333 | E9: 36.833333 | F9: 36.833333 | G9: 36.816667 | H9: 36.816667 | I9: 36.816667 | J9: 36.816667 | K9: 36.816667 | L9: 36.816667 | M9: 36.816667 | N9: 36.816667 | O9: 36.816667 | P9: 36.816667 | Q9: 36.975 | R9: 36.975 | S9: 36.975 | T9: 36.975 | U9: 36.975 | V9: 36.975 | W9: 36.975 | X9: 36.975 | Y9: 36.975 | Z9: 36.6 | AA9: 37.266667
A10: 28.66377 | B10: 39.3453 | C10: 37.033333 | D10: 37.033333 | E10: 37.033333 | F10: 37.033333 | G10: 36.833333 | H10: 36.833333 | I10: 36.833333 | J10: 36.833333 | K10: 36.833333 | L10: 36.833333 | M10: 36.833333 | N10: 36.833333 | O10: 36.833333 | P10: 36.833333 | Q10: 36.816667 | R10: 36.816667 | S10: 36.816667 | T10: 36.816667 | U10: 36.816667 | V10: 36.816667 | W10: 36.816667 | X10: 36.816667 | Y10: 36.816667 | Z10: 36.975 | AA10: 36.6
A11: 30.447173 | B11: 32.55933 | C11: 39.3453 | D11: 36.916667 | E11: 36.916667 | F11: 36.916667 | G11: 37.033333 | H11: 37.033333 | I11: 37.033333 | J11: 37.033333 | K11: 37.033333 | L11: 37.033333 | M11: 37.033333 | N11: 37.033333 | O11: 37.033333 | P11: 37.033333 | Q11: 36.833333 | R11: 36.833333 | S11: 36.833333 | T11: 36.833333 | U11: 36.833333 | V11: 36.833333 | W11: 36.833333 | X11: 36.833333 | Y11: 36.833333 | Z11: 36.816667 | AA11: 36.975
A12: 29.13339 | B12: 32.650854 | C12: 32.55933 | D12: 39.3453 | E12: 39.3453 | F12: 36.689722 | G12: 36.916667 | H12: 36.916667 | I12: 36.916667 | J12: 36.916667 | K12: 36.916667 | L12: 36.916667 | M12: 36.916667 | N12: 36.916667 | O12: 36.916667 | P12: 36.916667 | Q12: 37.033333 | R12: 37.033333 | S12: 37.033333 | T12: 37.033333 | U12: 37.033333 | V12: 37.033333 | W12: 37.033333 | X12: 37.033333 | Y12: 37.033333 | Z12: 36.833333 | AA12: 36.816667
... A587: 18.529167 | B587: 18.529167 | C587: 18.529167 | D587: 18.529167 | E587: 18.529167 | F587: 18.529167 | G587: 18.529167 | H587: 18.529167 | I587: 18.529167 | J587: 18.529167 | K587: 18.529167 | L587: 18.529167 | M587: 18.529167 | N587: 18.529167 | O587: 18.529167 | P587: 18.529167 | Q587: 18.529167 | R587: 18.529167 | S587: 18.529167 | T587: 18.529167 | U587: 18.529167 | V587: 18.529167 | W587: 18.529167 | X587: 18.529167 | Y587: 18.529167 | Z587: 18.529167 | AA587: 18.529167

Sheet lone
A1: 109.7 | B1: 105.68364 | C1: 105.68364 | D1: 105.68364 | E1: 105.68364 | F1: 105.68364 | G1: 105.68364 | H1: 105.68364 | I1: 105.68364 | J1: 105.68364 | K1: 105.68364 | L1: 105.68364 | M1: 105.68364 | N1: 105.68364 | O1: 105.68364 | P1: 105.68364 | Q1: 105.68364 | R1: 105.68364 | S1: 105.68364 | T1: 105.68364 | U1: 105.68364 | V1: 105.68364 | W1: 105.68364 | X1: 105.68364 | Y1: 105.68364 | Z1: 105.68364 | AA1: 105.68364
A2: 109.62 | B2: 109.1 | C2: 109.1 | D2: 109.1 | E2: 109.1 | F2: 109.1 | G2: 109.1 | H2: 109.1 | I2: 109.1 | J2: 109.1 | K2: 109.1 | L2: 109.1 | M2: 109.1 | N2: 109.1 | O2: 109.1 | P2: 109.1 | Q2: 106.96245 | R2: 106.96245 | S2: 106.96245 | T2: 106.96245 | U2: 106.96245 | V2: 106.96245 | W2: 106.96245 | X2: 106.96245 | Y2: 106.96245 | Z2: 106.96245 | AA2: 106.96245
A3: 109.53333 | B3: 109.7 | C3: 109.7 | D3: 109.7 | E3: 109.7 | F3: 109.7 | G3: 109.7 | H3: 109.7 | I3: 109.7 | J3: 109.7 | K3: 109.7 | L3: 109.7 | M3: 109.7 | N3: 109.7 | O3: 109.7 | P3: 109.7 | Q3: 109.1 | R3: 109.1 | S3: 109.1 | T3: 109.1 | U3: 109.1 | V3: 109.1 | W3: 109.1 | X3: 109.1 | Y3: 109.1 | Z3: 109.75045 | AA3: 108.51709
A4: 109.51667 | B4: 109.98333 | C4: 109.98333 | D4: 109.98333 | E4: 109.98333 | F4: 109.98333 | G4: 109.67381 | H4: 109.67381 | I4: 109.67381 | J4: 109.67381 | K4: 109.67381 | L4: 109.67381 | M4: 109.67381 | N4: 109.67381 | O4: 109.67381 | P4: 109.67381 | Q4: 109.7 | R4: 109.7 | S4: 109.7 | T4: 109.7 | U4: 109.7 | V4: 109.7 | W4: 109.7 | X4: 109.7 | Y4: 109.7 | Z4: 109.1 | AA4: 109.75045
A5: 109.8 | B5: 109.73333 | C5: 109.73333 | D5: 109.73333 | E5: 109.73333 | F5: 109.73333 | G5: 109.98333 | H5: 109.98333 | I5: 109.98333 | J5: 109.98333 | K5: 109.98333 | L5: 109.98333 | M5: 109.98333 | N5: 109.98333 | O5: 109.98333 | P5: 109.98333 | Q5: 109.67381 | R5: 109.67381 | S5: 109.67381 | T5: 109.67381 | U5: 109.67381 | V5: 109.67381 | W5: 109.67381 | X5: 109.67381 | Y5: 109.67381 | Z5: 109.7 | AA5: 109.1
A6: 79.1669 | B6: 109.62 | C6: 109.62 | D6: 109.62 | E6: 109.62 | F6: 109.62 | G6: 109.73333 | H6: 109.73333 | I6: 109.73333 | J6: 109.73333 | K6: 109.73333 | L6: 109.73333 | M6: 109.73333 | N6: 109.73333 | O6: 109.73333 | P6: 109.73333 | Q6: 109.98333 | R6: 109.98333 | S6: 109.98333 | T6: 109.98333 | U6: 109.98333 | V6: 109.98333 | W6: 109.98333 | X6: 109.98333 | Y6: 109.98333 | Z6: 109.67381 | AA6: 109.7
A7: 104.11693 | B7: 109.53333 | C7: 109.53333 | D7: 109.53333 | E7: 109.53333 | F7: 109.53333 | G7: 109.62 | H7: 109.62 | I7: 109.62 | J7: 109.62 | K7: 109.62 | L7: 109.62 | M7: 109.62 | N7: 109.62 | O7: 109.62 | P7: 109.62 | Q7: 109.73333 | R7: 109.73333 | S7: 109.73333 | T7: 109.73333 | U7: 109.73333 | V7: 109.73333 | W7: 109.73333 | X7: 109.73333 | Y7: 109.73333 | Z7: 109.98333 | AA7: 109.67381
A8: 116.13851 | B8: 109.51667 | C8: 109.51667 | D8: 109.51667 | E8: 109.51667 | F8: 109.51667 | G8: 109.53333 | H8: 109.53333 | I8: 109.53333 | J8: 109.53333 | K8: 109.53333 | L8: 109.53333 | M8: 109.53333 | N8: 109.53333 | O8: 109.53333 | P8: 109.53333 | Q8: 109.62 | R8: 109.62 | S8: 109.62 | T8: 109.62 | U8: 109.62 | V8: 109.62 | W8: 109.62 | X8: 109.62 | Y8: 109.62 | Z8: 109.73333 | AA8: 109.98333
A9: 107.43333 | B9: 109.8 | C9: 109.86667 | D9: 109.86667 | E9: 109.86667 | F9: 109.86667 | G9: 109.51667 | H9: 109.51667 | I9: 109.51667 | J9: 109.51667 | K9: 109.51667 | L9: 109.51667 | M9: 109.51667 | N9: 109.51667 | O9: 109.51667 | P9: 109.51667 | Q9: 109.53333 | R9: 109.53333 | S9: 109.53333 | T9: 109.53333 | U9: 109.53333 | V9: 109.53333 | W9: 109.53333 | X9: 109.53333 | Y9: 109.53333 | Z9: 109.62 | AA9: 109.73333
A10: 105.58581 | B10: 79.1669 | C10: 109.8 | D10: 109.8 | E10: 109.8 | F10: 109.8 | G10: 109.86667 | H10: 109.86667 | I10: 109.86667 | J10: 109.86667 | K10: 109.86667 | L10: 109.86667 | M10: 109.86667 | N10: 109.86667 | O10: 109.86667 | P10: 109.86667 | Q10: 109.51667 | R10: 109.51667 | S10: 109.51667 | T10: 109.51667 | U10: 109.51667 | V10: 109.51667 | W10: 109.51667 | X10: 109.51667 | Y10: 109.51667 | Z10: 109.53333 | AA10: 109.62
A11: 105.59517 | B11: 113.03792 | C11: 79.1669 | D11: 109.68333 | E11: 109.68333 | F11: 109.68333 | G11: 109.8 | H11: 109.8 | I11: 109.8 | J11: 109.8 | K11: 109.8 | L11: 109.8 | M11: 109.8 | N11: 109.8 | O11: 109.8 | P11: 109.8 | Q11: 109.86667 | R11: 109.86667 | S11: 109.86667 | T11: 109.86667 | U11: 109.86667 | V11: 109.86667 | W11: 109.86667 | X11: 109.86667 | Y11: 109.86667 | Z11: 109.51667 | AA11: 109.53333
A12: 104.90028 | B12: 112.60179 | C12: 113.03792 | D12: 79.1669 | E12: 79.1669 | F12: 109.56972 | G12: 109.68333 | H12: 109.68333 | I12: 109.68333 | J12: 109.68333 | K12: 109.68333 | L12: 109.68333 | M12: 109.68333 | N12: 109.68333 | O12: 109.68333 | P12: 109.68333 | Q12: 109.8 | R12: 109.8 | S12: 109.8 | T12: 109.8 | U12: 109.8 | V12: 109.8 | W12: 109.8 | X12: 109.8 | Y12: 109.8 | Z12: 109.86667 | AA12: 109.51667
... A587: 107.70917 | B587: 107.70917 | C587: 107.70917 | D587: 107.70917 | E587: 107.70917 | F587: 107.70917 | G587: 107.70917 | H587: 107.70917 | I587: 107.70917 | J587: 107.70917 | K587: 107.70917 | L587: 107.70917 | M587: 107.70917 | N587: 107.70917 | O587: 107.70917 | P587: 107.70917 | Q587: 107.70917 | R587: 107.70917 | S587: 107.70917 | T587: 107.70917 | U587: 107.70917 | V587: 107.70917 | W587: 107.70917 | X587: 107.70917 | Y587: 107.70917 | Z587: 107.70917 | AA587: 107.70917

Sheet labordiff
A3: =SUM(gaslmo!A:A) -> 570209 | B3: =SUM(gaslmo!B:B) -> 562628 | C3: =SUM(gaslmo!C:C) -> 528839 | D3: =SUM(gaslmo!D:D) -> 520295 | E3: =SUM(gaslmo!E:E) -> 506847 | F3: =SUM(gaslmo!F:F) -> 491310 | G3: =SUM(gaslmo!G:G) -> 481759 | H3: =SUM(gaslmo!H:H) -> 478978 | I3: =SUM(gaslmo!I:I) -> 453676 | J3: =SUM(gaslmo!J:J) -> 440657 | K3: =SUM(gaslmo!K:K) -> 427401 | L3: =SUM(gaslmo!L:L) -> 407377 | M3: =SUM(gaslmo!M:M) -> 384712 | N3: =SUM(gaslmo!N:N) -> 378070 | O3: =SUM(gaslmo!O:O) -> 371360 | P3: =SUM(gaslmo!P:P) -> 360698 | Q3: =SUM(gaslmo!Q:Q) -> 323827 | R3: =SUM(gaslmo!R:R) -> 268202 | S3: =SUM(gaslmo!S:S) -> 265928 | T3: =SUM(gaslmo!T:T) -> 256862 | U3: =SUM(gaslmo!U:U) -> 253017 | V3: =SUM(gaslmo!V:V) -> 252168 | W3: =SUM(gaslmo!W:W) -> 250523 | X3: =SUM(gaslmo!X:X) -> 228116 | Y3: =SUM(gaslmo!Y:Y) -> 225908 | Z3: =SUM(gaslmo!Z:Z) -> 196916 | AA3: =SUM(gaslmo!AA:AA) -> 164372
A4: =SUM(gaslme!A:A) -> 570209 | B4: =SUM(gaslme!B:B) -> 562628 | C4: =SUM(gaslme!C:C) -> 528839 | D4: =SUM(gaslme!D:D) -> 520295 | E4: =SUM(gaslme!E:E) -> 506847 | F4: =SUM(gaslme!F:F) -> 491310 | G4: =SUM(gaslme!G:G) -> 481759 | H4: =SUM(gaslme!H:H) -> 478978 | I4: =SUM(gaslme!I:I) -> 453676 | J4: =SUM(gaslme!J:J) -> 440657 | K4: =SUM(gaslme!K:K) -> 427401 | L4: =SUM(gaslme!L:L) -> 407377 | M4: =SUM(gaslme!M:M) -> 384712 | N4: =SUM(gaslme!N:N) -> 378070 | O4: =SUM(gaslme!O:O) -> 371360 | P4: =SUM(gaslme!P:P) -> 360698 | Q4: =SUM(gaslme!Q:Q) -> 323827 | R4: =SUM(gaslme!R:R) -> 268202 | S4: =SUM(gaslme!S:S) -> 265928 | T4: =SUM(gaslme!T:T) -> 256862 | U4: =SUM(gaslme!U:U) -> 253017 | V4: =SUM(gaslme!V:V) -> 252168 | W4: =SUM(gaslme!W:W) -> 250523 | X4: =SUM(gaslme!X:X) -> 228116 | Y4: =SUM(gaslme!Y:Y) -> 225908 | Z4: =SUM(gaslme!Z:Z) -> 196916 | AA4: =SUM(gaslme!AA:AA) -> 164372
A5: =SUM(gaslmo!A:A)/1000 -> 570.209 | B5: =SUM(gaslmo!B:B)/1000 -> 562.628 | C5: =SUM(gaslmo!C:C)/1000 -> 528.839 | D5: =SUM(gaslmo!D:D)/1000 -> 520.295 | E5: =SUM(gaslmo!E:E)/1000 -> 506.847 | F5: =SUM(gaslmo!F:F)/1000 -> 491.31 | G5: =SUM(gaslmo!G:G)/1000 -> 481.759 | H5: =SUM(gaslmo!H:H)/1000 -> 478.978 | I5: =SUM(gaslmo!I:I)/1000 -> 453.676 | J5: =SUM(gaslmo!J:J)/1000 -> 440.657 | K5: =SUM(gaslmo!K:K)/1000 -> 427.401 | L5: =SUM(gaslmo!L:L)/1000 -> 407.377 | M5: =SUM(gaslmo!M:M)/1000 -> 384.712 | N5: =SUM(gaslmo!N:N)/1000 -> 378.07 | O5: =SUM(gaslmo!O:O)/1000 -> 371.36 | P5: =SUM(gaslmo!P:P)/1000 -> 360.698 | Q5: =SUM(gaslmo!Q:Q)/1000 -> 323.827 | R5: =SUM(gaslmo!R:R)/1000 -> 268.202 | S5: =SUM(gaslmo!S:S)/1000 -> 265.928 | T5: =SUM(gaslmo!T:T)/1000 -> 256.862 | U5: =SUM(gaslmo!U:U)/1000 -> 253.017 | V5: =SUM(gaslmo!V:V)/1000 -> 252.168 | W5: =SUM(gaslmo!W:W)/1000 -> 250.523 | X5: =SUM(gaslmo!X:X)/1000 -> 228.116 | Y5: =SUM(gaslmo!Y:Y)/1000 -> 225.908 | Z5: =SUM(gaslmo!Z:Z)/1000 -> 196.916 | AA5: =SUM(gaslmo!AA:AA)/1000 -> 164.372
A6: =SUM(gaslme!A:A)/1000 -> 570.209 | B6: =SUM(gaslme!B:B)/1000 -> 562.628 | C6: =SUM(gaslme!C:C)/1000 -> 528.839 | D6: =SUM(gaslme!D:D)/1000 -> 520.295 | E6: =SUM(gaslme!E:E)/1000 -> 506.847 | F6: =SUM(gaslme!F:F)/1000 -> 491.31 | G6: =SUM(gaslme!G:G)/1000 -> 481.759 | H6: =SUM(gaslme!H:H)/1000 -> 478.978 | I6: =SUM(gaslme!I:I)/1000 -> 453.676 | J6: =SUM(gaslme!J:J)/1000 -> 440.657 | K6: =SUM(gaslme!K:K)/1000 -> 427.401 | L6: =SUM(gaslme!L:L)/1000 -> 407.377 | M6: =SUM(gaslme!M:M)/1000 -> 384.712 | N6: =SUM(gaslme!N:N)/1000 -> 378.07 | O6: =SUM(gaslme!O:O)/1000 -> 371.36 | P6: =SUM(gaslme!P:P)/1000 -> 360.698 | Q6: =SUM(gaslme!Q:Q)/1000 -> 323.827 | R6: =SUM(gaslme!R:R)/1000 -> 268.202 | S6: =SUM(gaslme!S:S)/1000 -> 265.928 | T6: =SUM(gaslme!T:T)/1000 -> 256.862 | U6: =SUM(gaslme!U:U)/1000 -> 253.017 | V6: =SUM(gaslme!V:V)/1000 -> 252.168 | W6: =SUM(gaslme!W:W)/1000 -> 250.523 | X6: =SUM(gaslme!X:X)/1000 -> 228.116 | Y6: =SUM(gaslme!Y:Y)/1000 -> 225.908 | Z6: =SUM(gaslme!Z:Z)/1000 -> 196.916 | AA6: =SUM(gaslme!AA:AA)/1000 -> 164.372

Sheet costdiff
A5: =SUM(gaspfmo!A:A) -> 184.01203 | B5: =SUM(gaspfmo!B:B) -> 179.09766 | C5: =SUM(gaspfmo!C:C) -> 170.0072 | D5: =SUM(gaspfmo!D:D) -> 166.80698 | E5: =SUM(gaspfmo!E:E) -> 162.01472 | F5: =SUM(gaspfmo!F:F) -> 157.04327 | G5: =SUM(gaspfmo!G:G) -> 258.87446 | H5: =SUM(gaspfmo!H:H) -> 272.71644 | I5: =SUM(gaspfmo!I:I) -> 275.36703 | J5: =SUM(gaspfmo!J:J) -> 286.30524 | K5: =SUM(gaspfmo!K:K) -> 289.66699 | L5: =SUM(gaspfmo!L:L) -> 295.68977 | M5: =SUM(gaspfmo!M:M) -> 291.33215 | N5: =SUM(gaspfmo!N:N) -> 301.16748 | O5: =SUM(gaspfmo!O:O) -> 311.28258 | P5: =SUM(gaspfmo!P:P) -> 319.53961 | Q5: =SUM(gaspfmo!Q:Q) -> 311.93278 | R5: =SUM(gaspfmo!R:R) -> 294.19847 | S5: =SUM(gaspfmo!S:S) -> 301.36627 | T5: =SUM(gaspfmo!T:T) -> 307.36911 | U5: =SUM(gaspfmo!U:U) -> 315.73923 | V5: =SUM(gaspfmo!V:V) -> 325.36555 | W5: =SUM(gaspfmo!W:W) -> 334.51689 | X5: =SUM(gaspfmo!X:X) -> 316.1501 | Y5: =SUM(gaspfmo!Y:Y) -> 323.35111 | Z5: =SUM(gaspfmo!Z:Z) -> 279.31848 | AA5: =SUM(gaspfmo!AA:AA) -> 165.595
A6: =SUM(gaspfmo!A:A) -> 184.01203 | B6: =SUM(gaspfmo!B:B) -> 179.09766 | C6: =SUM(gaspfmo!C:C) -> 170.0072 | D6: =SUM(gaspfmo!D:D) -> 166.80698 | E6: =SUM(gaspfmo!E:E) -> 162.01472 | F6: =SUM(gaspfmo!F:F) -> 157.04327 | G6: =SUM(gaspfmo!G:G) -> 258.87446 | H6: =SUM(gaspfmo!H:H) -> 272.71644 | I6: =SUM(gaspfmo!I:I) -> 275.36703 | J6: =SUM(gaspfmo!J:J) -> 286.30524 | K6: =SUM(gaspfmo!K:K) -> 289.66699 | L6: =SUM(gaspfmo!L:L) -> 295.68977 | M6: =SUM(gaspfmo!M:M) -> 291.33215 | N6: =SUM(gaspfmo!N:N) -> 301.16748 | O6: =SUM(gaspfmo!O:O) -> 311.28258 | P6: =SUM(gaspfmo!P:P) -> 319.53961 | Q6: =SUM(gaspfmo!Q:Q) -> 311.93278 | R6: =SUM(gaspfmo!R:R) -> 294.19847 | S6: =SUM(gaspfmo!S:S) -> 301.36627 | T6: =SUM(gaspfmo!T:T) -> 307.36911 | U6: =SUM(gaspfmo!U:U) -> 315.73923 | V6: =SUM(gaspfmo!V:V) -> 325.36555 | W6: =SUM(gaspfmo!W:W) -> 334.51689 | X6: =SUM(gaspfmo!X:X) -> 316.1501 | Y6: =SUM(gaspfmo!Y:Y) -> 323.35111 | Z6: =SUM(gaspfmo!Z:Z) -> 279.31848 | AA6: =SUM(gaspfmo!AA:AA) -> 165.595
